question,reaction_id,label,difficulty,doi,conditions_json
Q1,rxn_50d39625,P,easy,10.1021/ja500330a,"{""metal_precursor"": ""ZrOCl2·8H2O"", ""organic_linker"": ""1H-pyrazole-3,5-dicarboxylic acid"", ""modulator"": ""formic acid"", ""solvent"": ""dimethylformamide"", ""metal_concentration_mM"": 26.0, ""M_L_ratio"": 0.87, ""temperature_C"": 130.0, ""time_h"": 72.0}"
Q2,rxn_6659b2fe,P,easy,10.1038/s41560-018-0261-6,"{""metal_precursor"": ""ZrOCl2·8H2O"", ""organic_linker"": ""fumaric acid"", ""modulator"": ""formic acid"", ""solvent"": ""dimethylformamide"", ""metal_concentration_mM"": 312.0, ""M_L_ratio"": 1.0, ""temperature_C"": 130.0, ""time_h"": 144.0}"
Q3,rxn_b6b99f4,P,easy,10.1038/s41560-018-0261-6,"{""metal_precursor"": ""ZrCl4"", ""organic_linker"": ""tetrakis(4-carboxyphenyl)porphyrin"", ""modulator"": ""benzoic acid"", ""solvent"": ""dimethylformamide"", ""metal_concentration_mM"": 71.0, ""M_L_ratio"": 11.28, ""temperature_C"": 120.0, ""time_h"": 24.0}"
Q4,rxn_48e522db,P,easy,10.1038/s41560-018-0261-6,"{""metal_precursor"": ""Fe powder"", ""organic_linker"": ""benzene-1,3,5-tricarboxylic acid"", ""modulator"": ""hydrofluoric acid (HF)"", ""solvent"": ""water"", ""metal_concentration_mM"": 200.0, ""M_L_ratio"": 1.52, ""temperature_C"": 150.0, ""time_h"": 144.0}"
Q5,rxn_db77c1a,P,medium,10.1021/acs.cgd.7b00274,"{""metal_precursor"": ""Co(NO3)2·6H2O"", ""organic_linker"": ""trans,trans-muconic acid and 4,4′-bisazobipyridine"", ""modulator"": null, ""solvent"": ""water and dimethylformamide"", ""metal_concentration_mM"": 62.0, ""M_L_ratio"": 1.0, ""temperature_C"": 115.0, ""time_h"": 48.0}"
Q6,rxn_b3881e1,P,medium,10.1021/ja4032049,"{""metal_precursor"": ""Cu(NO3)2·2.5H2O"", ""organic_linker"": ""bis(4-(4-carboxyphenyl)-1H-pyrazolyl)methane"", ""modulator"": ""nitric acid (70%)"", ""solvent"": ""dimethylformamide and water"", ""metal_concentration_mM"": 80.0, ""M_L_ratio"": 1.45, ""temperature_C"": 85.0, ""time_h"": 16.0}"
Q7,rxn_540add03,P,medium,10.1021/jacs.5c08726,"{""metal_precursor"": ""Zn(NO3)2·6H2O"", ""organic_linker"": ""2-nitroterephthalic acid and 4,4′-azobis(pyridine)"", ""modulator"": null, ""solvent"": ""dimethylformamide"", ""metal_concentration_mM"": 20.0, ""M_L_ratio"": 1.0, ""temperature_C"": 25.0, ""time_h"": 360.0}"
Q8,rxn_6802459b,P,medium,10.1021/jacs.7b09983,"{""metal_precursor"": ""Mg(NO3)2·6H2O"", ""organic_linker"": ""4,4'-dioxidobiphenyl-3,3'-dicarboxylic acid"", ""modulator"": ""D-panthenol"", ""solvent"": ""dimethylformamide and methanol"", ""metal_concentration_mM"": 802.0, ""M_L_ratio"": 1.31, ""temperature_C"": 120.0, ""time_h"": 20.0}"
Q9,rxn_6451802d,P,hard,10.1039/c2ce06176g,"{""metal_precursor"": ""Co(CH3COO)2·4H2O"", ""organic_linker"": ""5-(2-carboxybenzyloxy) isophthalic acid and 1,10-(1,3-propanediyl)bis(imidazole)"", ""modulator"": ""sodium hydroxide"", ""solvent"": ""water"", ""metal_concentration_mM"": 12.0, ""M_L_ratio"": 1.0, ""temperature_C"": 150.0, ""time_h"": 72.0}"
Q10,rxn_5335b01f,P,hard,10.1016/j.ica.2011.12.017,"{""metal_precursor"": ""Eu(NO3)3·6H2O"", ""organic_linker"": ""5-(isonicotinamido)isophthalic acid"", ""modulator"": ""sodium hydroxide"", ""solvent"": ""water"", ""metal_concentration_mM"": 6.0, ""M_L_ratio"": 0.5, ""temperature_C"": 160.0, ""time_h"": 72.0}"
Q11,rxn_58c417f4,P,hard,10.1021/acs.langmuir.2c00165,"{""metal_precursor"": ""Cu(NO3)2·3H2O"", ""organic_linker"": ""benzene-1,3,5-tricarboxylic acid"", ""modulator"": ""polyvinylpyrrolidone"", ""solvent"": ""ethanol"", ""metal_concentration_mM"": 33.0, ""M_L_ratio"": 1.0, ""temperature_C"": 100.0, ""time_h"": 20.0}"
Q12,rxn_4d24ea4c,N,easy,10.1039/c2ce25677k,"{""metal_precursor"": ""CdCl2·5/2H2O"", ""organic_linker"": ""5-hydroxyisophthalic acid and 4,4′-bis(1-imidazolyl)bibenzene"", ""modulator"": ""no modulator"", ""solvent"": ""water"", ""metal_concentration_mM"": 33.0, ""M_L_ratio"": 1.0, ""temperature_C"": 170.0, ""time_h"": 24.0}"
Q13,rxn_2083c62f,N,easy,10.1021/acs.cgd.8b01657,"{""metal_precursor"": ""Ni(CH3COO)2·4H2O"", ""organic_linker"": ""2,5-dihydroxyterephthalic acid"", ""modulator"": null, ""solvent"": ""water and tetrahydrofuran"", ""metal_concentration_mM"": 167.0, ""M_L_ratio"": 1.0, ""temperature_C"": 25.0, ""time_h"": 24.0}"
Q14,rxn_64b265f7,N,easy,10.1039/c0jm03563g,"{""metal_precursor"": ""FeCl3·6H2O"", ""organic_linker"": ""fumaric acid"", ""modulator"": ""sodium hydroxide"", ""solvent"": ""ethanol"", ""metal_concentration_mM"": 200.0, ""M_L_ratio"": 1.0, ""temperature_C"": 100.0, ""time_h"": 24.0}"
Q15,rxn_1d526b97,N,easy,10.1021/ic201219g,"{""metal_precursor"": ""Al(ClO4)3·9H2O"", ""organic_linker"": ""2-nitroterephthalic acid"", ""modulator"": null, ""solvent"": ""methanol"", ""metal_concentration_mM"": 79.0, ""M_L_ratio"": 0.91, ""temperature_C"": 170.0, ""time_h"": 12.0}"
Q16,rxn_5aa127f8,N,medium,10.1039/c3ce41996g,"{""metal_precursor"": ""Ce(NO3)3·6H2O"", ""organic_linker"": ""1,2,4,5-benzenetetracarboxylic acid"", ""modulator"": null, ""solvent"": ""dimethylformamide"", ""metal_concentration_mM"": 7.0, ""M_L_ratio"": 1.0, ""temperature_C"": 120.0, ""time_h"": 0.5}"
Q17,rxn_d877775,N,medium,10.1039/d2nr01827f,"{""metal_precursor"": ""In(NO3)3"", ""organic_linker"": ""tetrakis(4-carboxyphenyl)porphyrin"", ""modulator"": ""cetyltrimethylammonium bromide"", ""solvent"": ""water"", ""metal_concentration_mM"": 37.0, ""M_L_ratio"": 2.13, ""temperature_C"": 80.0, ""time_h"": 16.0}"
Q18,rxn_2bf177c8,N,medium,10.1021/jacs.2c09756,"{""metal_precursor"": ""AlCl3"", ""organic_linker"": ""1H-pyrazole-3,5-dicarboxylic acid monohydrate and 2,5-thiophenedicarboxylic acid"", ""modulator"": ""sodium hydroxide (NaOH)"", ""solvent"": ""water"", ""metal_concentration_mM"": 50.0, ""M_L_ratio"": 4.0, ""temperature_C"": 100.0, ""time_h"": 96.0}"
Q19,rxn_1c19902e,N,medium,10.1002/anie.202421942,"{""metal_precursor"": ""ZrOCl2·8H2O"", ""organic_linker"": ""benzene-1,3,5-tricarboxylic acid"", ""modulator"": ""formic acid"", ""solvent"": ""dimethylformamide"", ""metal_concentration_mM"": 100.0, ""M_L_ratio"": 3.0, ""temperature_C"": 50.0, ""time_h"": 24.0}"
Q20,rxn_4554078e,N,hard,10.1039/c5dt02625c,"{""metal_precursor"": ""Cr(NO3)3·9H2O"", ""organic_linker"": ""terephthalic acid"", ""modulator"": ""acetic acid"", ""solvent"": ""water"", ""metal_concentration_mM"": 200.0, ""M_L_ratio"": 1.0, ""temperature_C"": 160.0, ""time_h"": 8.0}"
Q21,rxn_2729a0f3,N,hard,10.1021/cm3025445,"{""metal_precursor"": ""AlCl3·6H2O"", ""organic_linker"": ""isophthalic acid"", ""modulator"": null, ""solvent"": ""water and dimethylformamide"", ""metal_concentration_mM"": 600.0, ""M_L_ratio"": 2.0, ""temperature_C"": 135.0, ""time_h"": 12.0}"
Q22,rxn_357323cd,N,hard,10.1002/ejic.201500133,"{""metal_precursor"": ""ZrO(NO3)2"", ""organic_linker"": ""trans,trans-muconic acid"", ""modulator"": ""formic acid"", ""solvent"": ""N,N-diethylformamide"", ""metal_concentration_mM"": 143.0, ""M_L_ratio"": 1.0, ""temperature_C"": 150.0, ""time_h"": 24.0}"
