dataset,field,category,records,record_percent,unique_dois,doi_percent
positive,vessel_type,PTFE-lined autoclave,5734,37.37940026075619,1819,39.82049036777583
positive,vessel_type,Vial,2584,16.84485006518905,802,17.5569176882662
positive,vessel_type,Not reported,2487,16.212516297262063,896,19.614711033274958
positive,vessel_type,PTFE vessel / liner,1643,10.710560625814864,553,12.105954465849388
positive,vessel_type,Tube / capillary,825,5.378096479791395,294,6.436077057793345
positive,vessel_type,Bottle / jar,557,3.6310299869621905,167,3.655866900175132
positive,vessel_type,Flask,486,3.1681877444589306,176,3.852889667250438
positive,vessel_type,Autoclave / pressure vessel,366,2.3859191655801824,156,3.4150612959719786
positive,vessel_type,Reactor / reaction chamber,163,1.0625814863102998,62,1.3572679509632224
positive,vessel_type,Beaker,120,0.7822685788787485,43,0.9413309982486864
positive,vessel_type,Microwave vessel,111,0.7235984354628422,30,0.6567425569176882
positive,vessel_type,Nested / multiple vessels,94,0.6127770534550195,33,0.7224168126094571
positive,vessel_type,Glass vessel,89,0.5801825293350718,28,0.6129597197898424
positive,vessel_type,Dish / well plate,20,0.1303780964797914,7,0.1532399299474606
positive,vessel_type,Polymer vessel,19,0.12385919165580184,2,0.043782837127845885
positive,vessel_type,Metal vessel,16,0.10430247718383312,7,0.1532399299474606
positive,vessel_type,Ampoule,14,0.09126466753585398,7,0.1532399299474606
positive,vessel_type,Reaction cell,12,0.07822685788787484,3,0.06567425569176882
positive,agitation,No stirring,6522,42.51629726205998,1983,43.41068301225919
positive,agitation,Not reported,3886,25.33246414602347,1237,27.079684763572683
positive,agitation,Stirring reported,2190,14.276401564537158,677,14.820490367775832
positive,agitation,Stirred before static synthesis,1759,11.466753585397653,689,15.083187390542907
positive,agitation,Stirred before main synthesis,495,3.226857887874837,171,3.7434325744308232
positive,agitation,Sonicated before static synthesis,377,2.457627118644068,147,3.2180385288966726
positive,agitation,"Shaking, vortexing, rotation and mixing",65,0.423728813559322,26,0.5691768826619965
positive,agitation,Sonication reported,24,0.15645371577574968,12,0.2626970227670753
positive,agitation,Sonicated before main synthesis,22,0.14341590612777053,10,0.21891418563922943
