dataset,metric,bin_left_ml,bin_right_ml,count
positive,records,0.1,0.14677992680297916,0
positive,records,0.14677992680297916,0.21544346912287918,0
positive,records,0.21544346912287918,0.3162277662803611,5
positive,records,0.3162277662803611,0.46415888387701,0
positive,records,0.46415888387701,0.6812920700042002,0
positive,records,0.6812920700042002,1.0000000016666666,0
positive,records,1.0000000016666666,1.4677992704761236,0
positive,records,1.4677992704761236,2.1544346948195163,56
positive,records,2.1544346948195163,3.1622776680740734,13
positive,records,3.1622776680740734,4.641588846506081,124
positive,records,4.641588846506081,6.8129207113968695,158
positive,records,6.8129207113968695,10.000000033333333,488
positive,records,10.000000033333333,14.677992729224549,68
positive,records,14.677992729224549,21.544346984102408,2327
positive,records,21.544346984102408,31.622776733445374,2616
positive,records,31.622776733445374,46.41588854242062,198
positive,records,46.41588854242062,68.12920722751734,442
positive,records,68.12920722751734,100.00000049999998,493
positive,records,100.00000049999998,146.77992753687883,59
positive,records,146.77992753687883,215.4434702000965,47
positive,records,215.4434702000965,316.2277678614997,93
positive,records,316.2277678614997,464.1588861978043,5
positive,records,464.1588861978043,681.2920734106608,30
positive,records,681.2920734106608,1000.0000066666664,29
positive,records,1000.0000066666664,1467.799277815119,0
positive,records,1467.799277815119,2154.4347055916874,6
positive,records,2154.4347055916874,3162.2776838854625,2
positive,records,3162.2776838854625,4641.588869714024,0
positive,records,4641.588869714024,6812.920745461469,7
positive,records,6812.920745461469,10000.000083333342,2
positive,records,10000.000083333342,14677.992802614524,0
positive,records,14677.992802614524,21544.347091824136,0
positive,records,21544.347091824136,31622.77689155922,2
positive,records,31622.77689155922,46415.88877450001,0
positive,records,46415.88877450001,68129.20756816343,0
positive,records,68129.20756816343,100000.00099999999,1
positive,doi_medians,0.1,0.14677992680297916,0
positive,doi_medians,0.14677992680297916,0.21544346912287918,0
positive,doi_medians,0.21544346912287918,0.3162277662803611,2
positive,doi_medians,0.3162277662803611,0.46415888387701,0
positive,doi_medians,0.46415888387701,0.6812920700042002,0
positive,doi_medians,0.6812920700042002,1.0000000016666666,0
positive,doi_medians,1.0000000016666666,1.4677992704761236,0
positive,doi_medians,1.4677992704761236,2.1544346948195163,17
positive,doi_medians,2.1544346948195163,3.1622776680740734,1
positive,doi_medians,3.1622776680740734,4.641588846506081,32
positive,doi_medians,4.641588846506081,6.8129207113968695,49
positive,doi_medians,6.8129207113968695,10.000000033333333,152
positive,doi_medians,10.000000033333333,14.677992729224549,33
positive,doi_medians,14.677992729224549,21.544346984102408,671
positive,doi_medians,21.544346984102408,31.622776733445374,889
positive,doi_medians,31.622776733445374,46.41588854242062,49
positive,doi_medians,46.41588854242062,68.12920722751734,103
positive,doi_medians,68.12920722751734,100.00000049999998,124
positive,doi_medians,100.00000049999998,146.77992753687883,21
positive,doi_medians,146.77992753687883,215.4434702000965,17
positive,doi_medians,215.4434702000965,316.2277678614997,27
positive,doi_medians,316.2277678614997,464.1588861978043,3
positive,doi_medians,464.1588861978043,681.2920734106608,12
positive,doi_medians,681.2920734106608,1000.0000066666664,9
positive,doi_medians,1000.0000066666664,1467.799277815119,0
positive,doi_medians,1467.799277815119,2154.4347055916874,2
positive,doi_medians,2154.4347055916874,3162.2776838854625,6
positive,doi_medians,3162.2776838854625,4641.588869714024,0
positive,doi_medians,4641.588869714024,6812.920745461469,3
positive,doi_medians,6812.920745461469,10000.000083333342,0
positive,doi_medians,10000.000083333342,14677.992802614524,0
positive,doi_medians,14677.992802614524,21544.347091824136,0
positive,doi_medians,21544.347091824136,31622.77689155922,1
positive,doi_medians,31622.77689155922,46415.88877450001,0
positive,doi_medians,46415.88877450001,68129.20756816343,0
positive,doi_medians,68129.20756816343,100000.00099999999,0
