bin_left,bin_right,count
0.0,195.97500000000002,745
195.97500000000002,391.95000000000005,402
391.95000000000005,587.9250000000001,416
587.9250000000001,783.9000000000001,451
783.9000000000001,979.8750000000001,453
979.8750000000001,1175.8500000000001,509
1175.8500000000001,1371.8250000000003,473
1371.8250000000003,1567.8000000000002,359
1567.8000000000002,1763.775,240
1763.775,1959.7500000000002,140
1959.7500000000002,2155.7250000000004,101
2155.7250000000004,2351.7000000000003,75
2351.7000000000003,2547.675,68
2547.675,2743.6500000000005,49
2743.6500000000005,2939.6250000000005,49
2939.6250000000005,3135.6000000000004,34
3135.6000000000004,3331.5750000000003,26
3331.5750000000003,3527.55,27
3527.55,3723.5250000000005,14
3723.5250000000005,3919.5000000000005,10
3919.5000000000005,4115.475,5
4115.475,4311.450000000001,4
4311.450000000001,4507.425,5
4507.425,4703.400000000001,1
4703.400000000001,4899.375000000001,4
4899.375000000001,5095.35,4
5095.35,5291.325000000001,1
5291.325000000001,5487.300000000001,1
5487.300000000001,5683.275000000001,0
5683.275000000001,5879.250000000001,0
5879.250000000001,6075.225,0
6075.225,6271.200000000001,1
6271.200000000001,6467.175000000001,0
6467.175000000001,6663.150000000001,0
6663.150000000001,6859.125000000001,0
6859.125000000001,7055.1,0
7055.1,7251.075000000001,0
7251.075000000001,7447.050000000001,0
7447.050000000001,7643.025000000001,1
7643.025000000001,7839.000000000001,1
