pair_id,class,total_records,finite_pair_records,plotted_records,omitted_missing_or_nonpositive,distinct_coordinates,out_of_view,coordinates_sha256,multiplicities_sha256
time_temperature,Positive,15340,14992,14992,348,975,0,e653a11c7d2e6a513918b166817c22e2eb2931b24c36174b915cf722afd6cb99,edd6bbfd890c9665ed380cb6a7cbf0a116af601829b33891460855f5489da650
time_temperature,Negative,15063,14397,14389,674,778,0,a5509580b625312f9d8a504751a80c2c2d74e90000be6dba22adb0367ff73515,04f89b1184c6e7684467576c6d695b7b9bc70d3b208208ffe5670220e70e539d
ratio_concentration,Positive,15340,13871,13863,1477,3338,0,a1b4b178a604775338a03aa35ff14bfa15cfcdc1e7de8c08c0dc38fe0fd191bb,6b0f84ff0fa80ef177ab483c5874c977d33bd3bf889f611edde4519575018042
ratio_concentration,Negative,15063,13053,13025,2038,1863,0,4e636f6689d6c505535bb81eeabc314058b6829d17e9183bc1377d7dcd8b3748,e6ee1c65e01c17255e3da1645331c70efdd6c07d49603cb4421ce192df2672d7
temperature_concentration,Positive,15340,14296,14291,1049,2530,0,34cae24c92b112b252477c0bf89eb3382f79eae62dc8785cb73cbbbc19653050,23badc93334be6c709a917dd574994cd816276953f7f7250539c78e559f36708
temperature_concentration,Negative,15063,13335,13316,1747,1996,0,11acc183156bacc41c279f7055d8f1cd4278b28f21f63a9049d5cbba9c223d00,3bee4f23f96ef9f0733dcd6afdcd15f11050969032e1b3c6eec486d2cb30101f
time_concentration,Positive,15340,13989,13985,1355,2514,0,66af9e02ef8e83f72d05ec9913edceea251ae56366e747f285fba8cd906b9f47,446e9f56fd4b2f2bcf42f00edb7409fb2e735908d9b1392a9abad147eaaed30a
time_concentration,Negative,15063,13019,12992,2071,1619,0,3a87ef99e64793855303d4b6abd833c8b2781256ed228a242fcd6b2830bdc769,b19efe8a9f08e31d684c553f237b09f10f38dcd07db0cd41ce33e498a7d6dc14
temperature_ratio,Positive,15340,14684,14675,665,2440,0,77c3f0b7503bb8e021b4aa15d8c6f0709975ac8d501956882724eb9be39963ce,0e13546f088cb2a975a059dc851e1afd84442943a9439dd2d30d1a0ea8ebae6c
temperature_ratio,Negative,15063,14466,14450,613,1763,0,2a42c078c22bcd158d7d59d5cd5f79f4cc06f93518119a2142de5bc9ad41ca06,beed34561898808b20ff31d11228328d4417748c0cea7e8b1896f9d3aa318505
time_ratio,Positive,15340,14369,14360,980,2414,0,dbe557db4fc77b8922c0ce9daa9f56364444dd7fb664195f78ec561c54d46909,ea56c3f60e43f5e8b43292b273652043a6c9142ede814d38417ebbf40c89a10d
time_ratio,Negative,15063,13804,13785,1278,1517,0,1fc261896a74b5a13816bff2f20479b2ed8aabfa0d537c451ff75665f7667c86,4c051c1de84718927ce4717a0b34d418c5bd22b525d002fa2b64229a4685b860
