source_publisher,publisher_family
ACADEMIC PRESS INC,Elsevier
ACADEMIC PRESS INC ELSEVIER SCIENCE,Elsevier
ACADEMIC PRESS LTD- ELSEVIER SCIENCE LTD,Elsevier
AMER CHEMICAL SOC,ACS
BMC,Springer Nature
CELL PRESS,Elsevier
ELSEVIER,Elsevier
ELSEVIER ADVANCED TECHNOLOGY,Elsevier
ELSEVIER FRANCE-EDITIONS SCIENTIFIQUES MEDICALES ELSEVIER,Elsevier
ELSEVIER SCI LTD,Elsevier
ELSEVIER SCIENCE BV,Elsevier
ELSEVIER SCIENCE INC,Elsevier
ELSEVIER SCIENCE SA,Elsevier
ELSEVIER SCIENCE SA LAUSANNE,Elsevier
JOHN WILEY & SONS LTD,Wiley
MAIK NAUKA/INTERPERIODICA/SPRINGER,Springer Nature
NATURE PUBLISHING GROUP,Springer Nature
NATURE RESEARCH,Springer Nature
PERGAMON-ELSEVIER SCIENCE LTD,Elsevier
ROYAL SOC CHEMISTRY,RSC
SPRINGER,Springer Nature
SPRINGER HEIDELBERG,Springer Nature
SPRINGER INTERNATIONAL PUBLISHING AG,Springer Nature
SPRINGER JAPAN KK,Springer Nature
SPRINGER WIEN,Springer Nature
SPRINGER/PLENUM PUBLISHERS,Springer Nature
SPRINGERNATURE,Springer Nature
SPRINGEROPEN,Springer Nature
WILEY,Wiley
WILEY-BLACKWELL,Wiley
WILEY-V C H VERLAG GMBH,Wiley
