dataset,feature,value,records,record_percent,unique_dois
positive,vessel_type,PTFE-lined autoclave,5734,37.37940026075619,1819
positive,vessel_type,Vial,2584,16.84485006518905,802
positive,vessel_type,Not reported,2487,16.212516297262063,896
positive,vessel_type,PTFE vessel / liner,1643,10.710560625814864,553
positive,vessel_type,Tube / capillary,825,5.378096479791395,294
positive,vessel_type,Bottle / jar,557,3.6310299869621905,167
positive,vessel_type,Flask,486,3.1681877444589306,176
positive,vessel_type,Autoclave / pressure vessel,366,2.3859191655801824,156
positive,vessel_type,Reactor / reaction chamber,163,1.0625814863102998,62
positive,vessel_type,Beaker,120,0.7822685788787485,43
positive,vessel_type,Microwave vessel,111,0.7235984354628422,30
positive,vessel_type,Nested / multiple vessels,94,0.6127770534550195,33
positive,vessel_type,Glass vessel,89,0.5801825293350718,28
positive,vessel_type,Dish / well plate,20,0.1303780964797914,7
positive,vessel_type,Polymer vessel,19,0.12385919165580184,2
positive,vessel_type,Metal vessel,16,0.10430247718383312,7
positive,vessel_type,Ampoule,14,0.09126466753585398,7
positive,vessel_type,Reaction cell,12,0.07822685788787484,3
positive,vessel_volume_mL,Not reported,7768,50.63885267275098,2495
positive,vessel_volume_mL,25,1474,9.608865710560625,524
positive,vessel_volume_mL,20,1233,8.03780964797914,421
positive,vessel_volume_mL,23,974,6.349413298565841,351
positive,vessel_volume_mL,15,866,5.645371577574967,220
positive,vessel_volume_mL,100,471,3.0704041720990873,134
positive,vessel_volume_mL,10,388,2.529335071707953,135
positive,vessel_volume_mL,50,371,2.4185136897001303,93
positive,vessel_volume_mL,Ambiguous,301,1.9621903520208606,80
positive,vessel_volume_mL,5,151,0.9843546284224249,56
positive,vessel_volume_mL,4,124,0.8083441981747066,39
positive,vessel_volume_mL,16,124,0.8083441981747066,22
positive,vessel_volume_mL,30,110,0.7170795306388527,48
positive,vessel_volume_mL,250,93,0.60625814863103,31
positive,vessel_volume_mL,45,81,0.5280312907431551,19
positive,vessel_volume_mL,40,78,0.5084745762711864,25
positive,vessel_volume_mL,18,60,0.3911342894393742,20
positive,vessel_volume_mL,7,56,0.3650586701434159,16
positive,vessel_volume_mL,2,54,0.3520208604954368,19
positive,vessel_volume_mL,8,43,0.28031290743155146,23
positive,vessel_volume_mL,22,42,0.2737940026075619,6
positive,vessel_volume_mL,48,39,0.2542372881355932,5
positive,vessel_volume_mL,12,38,0.24771838331160367,18
positive,vessel_volume_mL,60,32,0.20860495436766624,10
positive,vessel_volume_mL,500,30,0.1955671447196871,18
positive,vessel_volume_mL,17,30,0.1955671447196871,9
positive,vessel_volume_mL,200,30,0.1955671447196871,14
positive,vessel_volume_mL,120,30,0.1955671447196871,10
positive,vessel_volume_mL,1000,29,0.18904823989569752,16
positive,vessel_volume_mL,43,26,0.1694915254237288,4
positive,vessel_volume_mL,125,21,0.13689700130378096,11
positive,vessel_volume_mL,80,16,0.10430247718383312,3
positive,vessel_volume_mL,150,16,0.10430247718383312,6
positive,vessel_volume_mL,21,14,0.09126466753585398,5
positive,vessel_volume_mL,11,13,0.0847457627118644,6
positive,vessel_volume_mL,13,13,0.0847457627118644,5
positive,vessel_volume_mL,24,12,0.07822685788787484,5
positive,vessel_volume_mL,35,11,0.07170795306388526,6
positive,vessel_volume_mL,6,7,0.04563233376792699,3
positive,vessel_volume_mL,2.5,7,0.04563233376792699,1
positive,vessel_volume_mL,5000,6,0.03911342894393742,6
positive,vessel_volume_mL,75,6,0.03911342894393742,5
positive,vessel_volume_mL,2000,6,0.03911342894393742,3
positive,vessel_volume_mL,137,5,0.03259452411994785,1
positive,vessel_volume_mL,3,4,0.02607561929595828,2
positive,vessel_volume_mL,0.3,4,0.02607561929595828,1
positive,vessel_volume_mL,14,4,0.02607561929595828,2
positive,vessel_volume_mL,350,3,0.01955671447196871,2
positive,vessel_volume_mL,28,3,0.01955671447196871,2
positive,vessel_volume_mL,30000,2,0.01303780964797914,2
positive,vessel_volume_mL,10000,2,0.01303780964797914,2
positive,vessel_volume_mL,37,2,0.01303780964797914,2
positive,vessel_volume_mL,3000,2,0.01303780964797914,2
positive,vessel_volume_mL,400,2,0.01303780964797914,2
positive,vessel_volume_mL,2.4,2,0.01303780964797914,1
positive,vessel_volume_mL,1.5,2,0.01303780964797914,2
positive,vessel_volume_mL,140,2,0.01303780964797914,1
positive,vessel_volume_mL,110,1,0.00651890482398957,1
positive,vessel_volume_mL,27,1,0.00651890482398957,1
positive,vessel_volume_mL,9,1,0.00651890482398957,1
positive,vessel_volume_mL,0.25,1,0.00651890482398957,1
positive,vessel_volume_mL,160,1,0.00651890482398957,1
positive,vessel_volume_mL,5500,1,0.00651890482398957,1
positive,vessel_volume_mL,100000,1,0.00651890482398957,1
positive,stirring,No stirring,6522,42.51629726205998,1983
positive,stirring,Not reported,3886,25.33246414602347,1237
positive,stirring,Stirred; stage not reported,2194,14.302477183833116,672
positive,stirring,Stirred before static synthesis,1758,11.460234680573663,688
positive,stirring,Stirred during preparation,482,3.142112125162973,169
positive,stirring,Sonicated before static synthesis,377,2.457627118644068,147
positive,stirring,"Stirring, mixing, shaking, rotation, sonication",121,0.7887874837027379,57
negative,vessel_type,PTFE-lined autoclave,5647,37.48921197636593,481
negative,vessel_type,Vial,2057,13.65597822478922,251
negative,vessel_type,Not reported,1876,12.454358361548163,239
negative,vessel_type,Tube / capillary,1862,12.36141538870079,91
negative,vessel_type,PTFE vessel / liner,1551,10.296753634734117,125
negative,vessel_type,Autoclave / pressure vessel,477,3.166699860585541,32
negative,vessel_type,Bottle / jar,441,2.9277036446922926,43
negative,vessel_type,Flask,286,1.898692159596362,49
negative,vessel_type,Microwave vessel,245,1.6265020248290514,28
negative,vessel_type,Glass vessel,227,1.5070039168824272,7
negative,vessel_type,Beaker,130,0.8630418907256191,11
negative,vessel_type,Reactor / reaction chamber,121,0.8032928367523069,15
negative,vessel_type,Nested / multiple vessels,89,0.5908517559583084,13
negative,vessel_type,Dish / well plate,23,0.15269202682068644,3
negative,vessel_type,Metal vessel,16,0.10622054039699927,1
negative,vessel_type,Polymer vessel,7,0.04647148642368718,1
negative,vessel_type,Reaction cell,6,0.03983270264887472,1
negative,vessel_type,Ampoule,2,0.013277567549624909,1
negative,vessel_volume_mL,Not reported,7021,46.61090088295824,678
negative,vessel_volume_mL,25,1779,11.810396335391356,112
negative,vessel_volume_mL,23,1396,9.267742149638186,112
negative,vessel_volume_mL,15,1159,7.694350395007635,50
negative,vessel_volume_mL,20,859,5.702715262563898,121
negative,vessel_volume_mL,100,421,2.7949279691960434,35
negative,vessel_volume_mL,10,326,2.16424351058886,36
negative,vessel_volume_mL,Ambiguous,262,1.739361349000863,37
negative,vessel_volume_mL,30,228,1.5136427006572397,20
negative,vessel_volume_mL,50,205,1.3609506738365533,27
negative,vessel_volume_mL,18,181,1.2016198632410542,7
negative,vessel_volume_mL,2,179,1.1883422956914294,11
negative,vessel_volume_mL,5,162,1.0754829715196175,17
negative,vessel_volume_mL,4,147,0.9759012148974308,16
negative,vessel_volume_mL,45,82,0.5443802695346213,7
negative,vessel_volume_mL,22,75,0.4979087831109341,3
negative,vessel_volume_mL,12,65,0.43152094536280955,8
negative,vessel_volume_mL,16,54,0.35849432383987256,6
negative,vessel_volume_mL,500,53,0.3518555400650601,7
negative,vessel_volume_mL,43,42,0.27882891854212305,3
negative,vessel_volume_mL,40,42,0.27882891854212305,9
negative,vessel_volume_mL,3,26,0.1726083781451238,3
negative,vessel_volume_mL,250,24,0.1593308105954989,4
negative,vessel_volume_mL,1.5,24,0.1593308105954989,1
negative,vessel_volume_mL,8,23,0.15269202682068644,3
negative,vessel_volume_mL,7,20,0.13277567549624908,4
negative,vessel_volume_mL,13,20,0.13277567549624908,3
negative,vessel_volume_mL,11,19,0.12613689172143663,2
negative,vessel_volume_mL,1000,19,0.12613689172143663,3
negative,vessel_volume_mL,14,18,0.11949810794662419,1
negative,vessel_volume_mL,37,14,0.09294297284737436,1
negative,vessel_volume_mL,35,12,0.07966540529774944,2
negative,vessel_volume_mL,21,12,0.07966540529774944,1
negative,vessel_volume_mL,27,12,0.07966540529774944,1
negative,vessel_volume_mL,24,12,0.07966540529774944,1
negative,vessel_volume_mL,6,11,0.073026621522937,3
negative,vessel_volume_mL,48,11,0.073026621522937,1
negative,vessel_volume_mL,0.25,11,0.073026621522937,1
negative,vessel_volume_mL,5000,8,0.053110270198499634,2
negative,vessel_volume_mL,75,6,0.03983270264887472,1
negative,vessel_volume_mL,80,4,0.026555135099249817,1
negative,vessel_volume_mL,150,3,0.01991635132443736,2
negative,vessel_volume_mL,125,3,0.01991635132443736,2
negative,vessel_volume_mL,30000,2,0.013277567549624909,1
negative,vessel_volume_mL,350,2,0.013277567549624909,1
negative,vessel_volume_mL,60,2,0.013277567549624909,1
negative,vessel_volume_mL,3.5,2,0.013277567549624909,1
negative,vessel_volume_mL,200,2,0.013277567549624909,1
negative,vessel_volume_mL,10000,1,0.006638783774812454,1
negative,vessel_volume_mL,2000,1,0.006638783774812454,1
negative,vessel_volume_mL,3000,1,0.006638783774812454,1
negative,stirring,No stirring,6609,43.87572196773551,569
negative,stirring,Not reported,3987,26.468830910177253,329
negative,stirring,Stirred before static synthesis,1815,12.049392551284605,148
negative,stirring,Stirred; stage not reported,1738,11.538206200624046,223
negative,stirring,Stirred during preparation,567,3.7641904003186615,47
negative,stirring,Sonicated before static synthesis,232,1.5401978357564894,35
negative,stirring,"Stirring, mixing, shaking, rotation, sonication",115,0.7634601341034323,17
