dataset,source_row_id,csv_data_row_1based,doi,stirring_raw,agitation,agitation_rule
positive,220,221,10.1039/d1tc00407g,"agitated ~20 s, then static",Agitated before static synthesis,method_and_explicit_static_stage
positive,581,582,10.1039/c8ta02845a,shaken vigorously,Shaken; stage not reported,method_without_reaction_stage_evidence
positive,582,583,10.1039/c8ta02845a,shaken vigorously,Shaken; stage not reported,method_without_reaction_stage_evidence
positive,583,584,10.1039/c8ta02845a,shaken vigorously,Shaken; stage not reported,method_without_reaction_stage_evidence
positive,584,585,10.1039/c8ta02845a,shaken vigorously,Shaken; stage not reported,method_without_reaction_stage_evidence
positive,601,602,10.1021/cg901170j,ultrasonic,Sonicated; stage not reported,method_without_reaction_stage_evidence
positive,602,603,10.1021/cg901170j,ultrasonic,Sonicated; stage not reported,method_without_reaction_stage_evidence
positive,852,853,10.1039/c5dt01770j,ultrasonicated,Sonicated; stage not reported,method_without_reaction_stage_evidence
positive,932,933,10.1002/smll.202203356,"gentle stirring, maintained to end",Stirred during synthesis,explicit_reaction_stage_agitation
positive,933,934,10.1002/smll.202203356,"gentle stirring, maintained to end",Stirred during synthesis,explicit_reaction_stage_agitation
positive,1075,1076,10.1002/anie.202313591,"mixed 10 s, then static",Mixed before static synthesis,method_and_explicit_static_stage
positive,1530,1531,10.1002/ejic.201800042,static (sealed; shaken before heating),Shaken before static synthesis,method_and_explicit_static_stage
positive,1531,1532,10.1002/ejic.201800042,static (sealed; shaken before heating),Shaken before static synthesis,method_and_explicit_static_stage
positive,1532,1533,10.1002/ejic.201800042,static (sealed; shaken before heating),Shaken before static synthesis,method_and_explicit_static_stage
positive,1533,1534,10.1002/ejic.201800042,static (sealed; shaken before heating),Shaken before static synthesis,method_and_explicit_static_stage
positive,1534,1535,10.1002/ejic.201800042,static (sealed; shaken before heating),Shaken before static synthesis,method_and_explicit_static_stage
positive,1535,1536,10.1002/ejic.201800042,static (sealed; shaken before heating),Shaken before static synthesis,method_and_explicit_static_stage
positive,1536,1537,10.1002/ejic.201800042,static (sealed; shaken before heating),Shaken before static synthesis,method_and_explicit_static_stage
positive,1780,1781,10.1039/d0ra07042d,sonicated 10 min before heating,Sonicated during preparation,explicit_preparation_agitation
positive,1964,1965,10.1039/d4ce00399c,magnetic stirring under reflux,Stirred during synthesis,explicit_reaction_stage_agitation
positive,2694,2695,10.1021/acs.inorgchem.5c02137,sonicated 30 min before heating,Sonicated during preparation,explicit_preparation_agitation
positive,3026,3027,10.1021/acs.chemmater.8b01891,"gentle stirring, tube rotator 20 rpm",Rotated; stage not reported,method_without_reaction_stage_evidence
positive,3510,3511,10.1021/acs.jpcc.9b05574,sonicated 1 min before heating,Sonicated during preparation,explicit_preparation_agitation
positive,3511,3512,10.1021/acs.jpcc.9b05574,sonicated 1 min before heating,Sonicated during preparation,explicit_preparation_agitation
positive,3754,3755,10.1002/adma.201901570,agitated,Stirred during preparation,source_review:10.1002/adma.201901570:explicit_preparation_agitation
positive,4369,4370,10.1039/d0nj03269g,rotating 56 rpm,Rotated; stage not reported,method_without_reaction_stage_evidence
positive,4370,4371,10.1039/d0nj03269g,rotating 80 rpm,Rotated; stage not reported,method_without_reaction_stage_evidence
positive,4371,4372,10.1039/d0nj03269g,rotating 100 rpm,Rotated; stage not reported,method_without_reaction_stage_evidence
positive,4372,4373,10.1039/d0nj03269g,rotating 120 rpm,Rotated; stage not reported,method_without_reaction_stage_evidence
positive,4373,4374,10.1039/d0nj03269g,rotating 150 rpm,Rotated; stage not reported,method_without_reaction_stage_evidence
positive,4374,4375,10.1039/d0nj03269g,rotating 150 rpm,Rotated; stage not reported,method_without_reaction_stage_evidence
positive,4375,4376,10.1039/d0nj03269g,rotating 150 rpm,Rotated; stage not reported,method_without_reaction_stage_evidence
positive,4376,4377,10.1039/d0nj03269g,rotating 150 rpm,Rotated; stage not reported,method_without_reaction_stage_evidence
positive,4392,4393,10.1002/adfm.202208148,sonicated,Sonicated; stage not reported,method_without_reaction_stage_evidence
positive,4648,4649,10.1021/acs.cgd.4c00354,homogenized at RT for 60 min before heating,Homogenized during preparation,explicit_preparation_agitation
positive,4862,4863,10.1021/acs.cgd.0c00895,"vigorously mixed 30 s, then static",Mixed before static synthesis,method_and_explicit_static_stage
positive,4863,4864,10.1021/acs.cgd.0c00895,"vigorously mixed 30 s, then static",Mixed before static synthesis,method_and_explicit_static_stage
positive,4864,4865,10.1021/acs.cgd.0c00895,"vigorously mixed 30 s, then static",Mixed before static synthesis,method_and_explicit_static_stage
positive,4865,4866,10.1021/acs.cgd.0c00895,"vigorously mixed 30 s, then static",Mixed before static synthesis,method_and_explicit_static_stage
positive,4928,4929,10.1039/c8ta08702d,static (after initial mixing),Mixed before static synthesis,method_and_explicit_static_stage
positive,4929,4930,10.1039/c8ta08702d,static (after initial mixing),Mixed before static synthesis,method_and_explicit_static_stage
positive,4942,4943,10.1021/acsami.9b15667,"shaken 20 s, then static",Shaken before static synthesis,method_and_explicit_static_stage
positive,5091,5092,10.1039/d4gc01350f,"RPB 1500 rpm, then static",Rotated before static synthesis,source_review:10.1039/d4gc01350f:method_and_explicit_static_stage
positive,5092,5093,10.1039/d4gc01350f,500 rpm,Stirred during synthesis,source_review:10.1039/d4gc01350f:explicit_reaction_stage_agitation
positive,5093,5094,10.1039/d4gc01350f,"RPB 1500 rpm, then static",Rotated before static synthesis,source_review:10.1039/d4gc01350f:method_and_explicit_static_stage
positive,5094,5095,10.1039/d4gc01350f,"RPB 1500 rpm, then static",Rotated before static synthesis,source_review:10.1039/d4gc01350f:method_and_explicit_static_stage
positive,5095,5096,10.1039/d4gc01350f,RPB 1500 rpm,Rotated during synthesis,source_review:10.1039/d4gc01350f:explicit_reaction_stage_agitation
positive,5096,5097,10.1039/d4gc01350f,"RPB 1500 rpm, then static",Rotated before static synthesis,source_review:10.1039/d4gc01350f:method_and_explicit_static_stage
positive,5684,5685,10.1039/c1ra00164g,rotation (30 rpm); 30 min pre-stir before capping,Rotated; stage not reported,method_without_reaction_stage_evidence
positive,5685,5686,10.1039/c1ra00164g,rotation (30 rpm); 30 min pre-stir before capping,Rotated; stage not reported,method_without_reaction_stage_evidence
positive,5686,5687,10.1039/c1ra00164g,rotation (30 rpm); 30 min pre-stir before capping,Rotated; stage not reported,method_without_reaction_stage_evidence
positive,5687,5688,10.1039/c1ra00164g,rotation (30 rpm) with seeding (0.4 wt% ZIF-20); 30 min pre-stir before capping,Rotated; stage not reported,method_without_reaction_stage_evidence
positive,5688,5689,10.1039/c1ra00164g,rotation (30 rpm) with seeding (1.2 wt% ZIF-20); 30 min pre-stir before capping,Rotated; stage not reported,method_without_reaction_stage_evidence
positive,6041,6042,10.1039/d1qi01562a,"vigorous for 1 h, then constant for 3 h",Stirred during synthesis,source_review:10.1039/d1qi01562a:explicit_reaction_stage_agitation
positive,6042,6043,10.1039/d1qi01562a,"vigorous for 1 h, then constant for 3 h",Stirred during synthesis,source_review:10.1039/d1qi01562a:explicit_reaction_stage_agitation
positive,6472,6473,10.1039/c9na00350a,rapid solvent mixing,Mixed; stage not reported,method_without_reaction_stage_evidence
positive,6473,6474,10.1039/c9na00350a,rapid solvent mixing,Mixed; stage not reported,method_without_reaction_stage_evidence
positive,6664,6665,10.1039/d2ce00047d,ultrasonicated,Sonicated; stage not reported,method_without_reaction_stage_evidence
positive,6665,6666,10.1039/d2ce00047d,ultrasonicated,Sonicated; stage not reported,method_without_reaction_stage_evidence
positive,6672,6673,10.1021/acs.inorgchem.1c03414,static (after 10 min premix),Mixed before static synthesis,method_and_explicit_static_stage
positive,6674,6675,10.1021/acs.inorgchem.1c03414,ultrasound,Sonicated; stage not reported,method_without_reaction_stage_evidence
positive,6769,6770,10.1021/ic402198a,rotated (1.1 kHz MAS),Rotated during synthesis,source_review:10.1021/ic402198a:explicit_reaction_stage_agitation
positive,6903,6904,10.1021/acs.inorgchem.6b00221,ultrasonicated,Sonicated; stage not reported,method_without_reaction_stage_evidence
positive,7006,7007,10.1039/d4ta01716a,"sonicated (pre-dissolution), then heated",Sonicated during preparation,explicit_preparation_agitation
positive,7007,7008,10.1039/d4ta01716a,"sonicated (pre-dissolution), then heated",Sonicated during preparation,explicit_preparation_agitation
positive,7236,7237,10.1021/cg800424t,"homogenized 30 min at RT, then static",Homogenized before static synthesis,method_and_explicit_static_stage
positive,7237,7238,10.1021/cg800424t,"homogenized 30 min at RT, then static",Homogenized before static synthesis,method_and_explicit_static_stage
positive,7259,7260,10.1039/c4ra15161e,"platform shaker, 120 rpm",Shaken; stage not reported,method_without_reaction_stage_evidence
positive,7260,7261,10.1039/c4ra15161e,"platform shaker, 120 rpm",Shaken; stage not reported,method_without_reaction_stage_evidence
positive,7261,7262,10.1039/c4ra15161e,"platform shaker, 120 rpm",Shaken; stage not reported,method_without_reaction_stage_evidence
positive,7270,7271,10.1021/cg300199j,"mixed, then static",Mixed before static synthesis,method_and_explicit_static_stage
positive,7515,7516,10.1039/c5cc03027g,sonicated 15 min before heating,Sonicated during preparation,explicit_preparation_agitation
positive,7516,7517,10.1039/c5cc03027g,sonicated 15 min before heating,Sonicated during preparation,explicit_preparation_agitation
positive,7565,7566,10.1039/c8cc03511c,"shear homogenized at 11,500 rpm for 2 min; then static at 4 °C",Homogenized before static synthesis,method_and_explicit_static_stage
positive,7566,7567,10.1039/c8cc03511c,"shear homogenized at 11,500 rpm for 2 min; then static at 4 °C",Homogenized before static synthesis,method_and_explicit_static_stage
positive,7567,7568,10.1039/c8cc03511c,"shear homogenized at 11,500 rpm for 2 min; then static at 4 °C",Homogenized before static synthesis,method_and_explicit_static_stage
positive,7568,7569,10.1039/c8cc03511c,"shear homogenized at 11,500 rpm for 2 min; then static at 4 °C",Homogenized before static synthesis,method_and_explicit_static_stage
positive,8060,8061,10.1021/acs.inorgchem.2c02733,sonicated,Sonicated; stage not reported,method_without_reaction_stage_evidence
positive,8553,8554,10.1021/cg100554u,ultrasonic,Sonicated; stage not reported,method_without_reaction_stage_evidence
positive,8721,8722,10.1039/d0an01566k,ultrasonic irradiation,Sonicated; stage not reported,method_without_reaction_stage_evidence
positive,8722,8723,10.1039/d0an01566k,ultrasonic irradiation,Sonicated; stage not reported,method_without_reaction_stage_evidence
positive,8723,8724,10.1039/d0an01566k,ultrasonic irradiation,Sonicated; stage not reported,method_without_reaction_stage_evidence
positive,8724,8725,10.1039/d0an01566k,ultrasonic irradiation,Sonicated; stage not reported,method_without_reaction_stage_evidence
positive,8725,8726,10.1039/d0an01566k,ultrasonic irradiation,Sonicated; stage not reported,method_without_reaction_stage_evidence
positive,9158,9159,10.1021/jacs.7b01660,static after mixing,Mixed before static synthesis,method_and_explicit_static_stage
positive,9399,9400,10.1039/c4ta02568g,vigorous 5 min before heating,Stirred during preparation,source_review:10.1039/c4ta02568g:explicit_preparation_agitation
positive,9400,9401,10.1039/c4ta02568g,vigorous 5 min before heating,Stirred during preparation,source_review:10.1039/c4ta02568g:explicit_preparation_agitation
positive,9401,9402,10.1039/c4ta02568g,vigorous 5 min before heating,Stirred during preparation,source_review:10.1039/c4ta02568g:explicit_preparation_agitation
positive,9402,9403,10.1039/c4ta02568g,vigorous 5 min before heating,Stirred during preparation,source_review:10.1039/c4ta02568g:explicit_preparation_agitation
positive,9862,9863,10.1021/acs.inorgchem.2c03138,sonicated 20 min; refluxed,Sonicated during preparation,explicit_preparation_agitation
positive,9916,9917,10.1021/acssuschemeng.4c00730,"agitated 30 min, then static",Agitated before static synthesis,method_and_explicit_static_stage
positive,10614,10615,10.1002/cssc.201700164,stirred (reflux),Stirred during synthesis,explicit_reaction_stage_agitation
positive,10745,10746,10.1039/c4ce00573b,ultrasonicated,Sonicated; stage not reported,method_without_reaction_stage_evidence
positive,11328,11329,10.1002/aoc.4062,vigorous,Stirred during synthesis,source_review:10.1002/aoc.4062:explicit_reaction_stage_agitation
positive,11892,11893,10.1021/acs.chemmater.9b04177,"shaken briefly, then static",Shaken before static synthesis,method_and_explicit_static_stage
positive,11895,11896,10.1021/acs.chemmater.9b04177,rotated at 40 rpm,Rotated; stage not reported,method_without_reaction_stage_evidence
positive,12049,12050,10.1039/d2nj01490d,ultrasonicated 30 min before heating,Sonicated during preparation,explicit_preparation_agitation
positive,12226,12227,10.1021/acsanm.1c01499,briefly vortexed,Vortexed; stage not reported,method_without_reaction_stage_evidence
positive,12698,12699,10.1016/j.micromeso.2016.01.044,shaken,Shaken; stage not reported,method_without_reaction_stage_evidence
positive,12766,12767,10.1016/j.cattod.2015.08.030,vigorous,Stirred during synthesis,source_review:10.1016/j.cattod.2015.08.030:explicit_reaction_stage_agitation
positive,13095,13096,10.1016/j.ijbiomac.2024.137689,shaken at 50 rpm (horizontal rotary shaker),Shaken; stage not reported,method_without_reaction_stage_evidence
positive,13096,13097,10.1016/j.ijbiomac.2024.137689,shaken,Shaken; stage not reported,method_without_reaction_stage_evidence
positive,13492,13493,10.1016/j.ica.2016.05.042,shaken then static,Shaken before static synthesis,method_and_explicit_static_stage
positive,13493,13494,10.1016/j.ica.2016.05.042,shaken then static,Shaken before static synthesis,method_and_explicit_static_stage
positive,13494,13495,10.1016/j.ica.2016.05.042,shaken then static,Shaken before static synthesis,method_and_explicit_static_stage
positive,13827,13828,10.1016/j.colsurfa.2019.02.025,ultrasonication,Sonicated; stage not reported,method_without_reaction_stage_evidence
positive,13828,13829,10.1016/j.colsurfa.2019.02.025,ultrasonication,Sonicated; stage not reported,method_without_reaction_stage_evidence
positive,13829,13830,10.1016/j.colsurfa.2019.02.025,ultrasonication,Sonicated; stage not reported,method_without_reaction_stage_evidence
positive,13830,13831,10.1016/j.colsurfa.2019.02.025,ultrasonication,Sonicated; stage not reported,method_without_reaction_stage_evidence
positive,13865,13866,10.1016/j.jcat.2020.09.037,sonicated before heating,Sonicated during preparation,explicit_preparation_agitation
positive,13866,13867,10.1016/j.jcat.2020.09.037,sonicated before heating,Sonicated during preparation,explicit_preparation_agitation
positive,13967,13968,10.1016/j.clay.2021.106371,sonicated before heating,Sonicated during preparation,explicit_preparation_agitation
positive,14101,14102,10.1016/j.ica.2022.121299,sonicated,Sonicated; stage not reported,method_without_reaction_stage_evidence
positive,14102,14103,10.1016/j.ica.2022.121299,sonicated,Sonicated; stage not reported,method_without_reaction_stage_evidence
positive,14103,14104,10.1016/j.ica.2022.121299,sonicated,Sonicated; stage not reported,method_without_reaction_stage_evidence
positive,14104,14105,10.1016/j.ica.2022.121299,sonicated,Sonicated; stage not reported,method_without_reaction_stage_evidence
positive,14109,14110,10.1016/j.inoche.2011.06.030,vigorous,Stirred during synthesis,source_review:10.1016/j.inoche.2011.06.030:explicit_reaction_stage_agitation
positive,14110,14111,10.1016/j.inoche.2011.06.030,vigorous,Stirred during synthesis,source_review:10.1016/j.inoche.2011.06.030:explicit_reaction_stage_agitation
positive,14111,14112,10.1016/j.inoche.2011.06.030,vigorous,Stirred during synthesis,source_review:10.1016/j.inoche.2011.06.030:explicit_reaction_stage_agitation
positive,14560,14561,10.1016/j.apsusc.2013.07.068,rotated at 4 rpm (homogeneous reactor),Rotated; stage not reported,method_without_reaction_stage_evidence
positive,14701,14702,10.1016/j.matchemphys.2025.130363,vigorous,Stirred during synthesis,source_review:10.1016/j.matchemphys.2025.130363:explicit_reaction_stage_agitation
negative,17070,1731,10.1039/d4ce00399c,magnetic stirring under reflux,Stirred during synthesis,explicit_reaction_stage_agitation
negative,17071,1732,10.1039/d4ce00399c,magnetic stirring under reflux,Stirred during synthesis,explicit_reaction_stage_agitation
negative,17072,1733,10.1039/d4ce00399c,magnetic stirring under reflux,Stirred during synthesis,explicit_reaction_stage_agitation
negative,17073,1734,10.1039/d4ce00399c,magnetic stirring under reflux,Stirred during synthesis,explicit_reaction_stage_agitation
negative,17074,1735,10.1039/d4ce00399c,magnetic stirring under reflux,Stirred during synthesis,explicit_reaction_stage_agitation
negative,17075,1736,10.1039/d4ce00399c,magnetic stirring under reflux,Stirred during synthesis,explicit_reaction_stage_agitation
negative,17076,1737,10.1039/d4ce00399c,magnetic stirring under reflux,Stirred during synthesis,explicit_reaction_stage_agitation
negative,17077,1738,10.1039/d4ce00399c,magnetic stirring under reflux,Stirred during synthesis,explicit_reaction_stage_agitation
negative,17078,1739,10.1039/d4ce00399c,magnetic stirring under reflux,Stirred during synthesis,explicit_reaction_stage_agitation
negative,18447,3108,10.1039/d2ta09963b,sonicated 30 min before heating,Sonicated during preparation,explicit_preparation_agitation
negative,18741,3402,10.1039/d2ce00139j,static after mixing,Mixed before static synthesis,method_and_explicit_static_stage
negative,18742,3403,10.1039/d2ce00139j,static after mixing,Mixed before static synthesis,method_and_explicit_static_stage
negative,18743,3404,10.1039/d2ce00139j,static after mixing,Mixed before static synthesis,method_and_explicit_static_stage
negative,18744,3405,10.1039/d2ce00139j,static after mixing,Mixed before static synthesis,method_and_explicit_static_stage
negative,18745,3406,10.1039/d2ce00139j,static after mixing,Mixed before static synthesis,method_and_explicit_static_stage
negative,19566,4227,10.1021/acs.cgd.4c00354,homogenized at RT for 60 min before heating,Homogenized during preparation,explicit_preparation_agitation
negative,19779,4440,10.1021/acs.cgd.0c00895,"vigorously mixed 30 s, then static",Mixed before static synthesis,method_and_explicit_static_stage
negative,19780,4441,10.1021/acs.cgd.0c00895,"vigorously mixed 30 s, then static",Mixed before static synthesis,method_and_explicit_static_stage
negative,19781,4442,10.1021/acs.cgd.0c00895,"vigorously mixed 30 s, then static",Mixed before static synthesis,method_and_explicit_static_stage
negative,19782,4443,10.1021/acs.cgd.0c00895,"vigorously mixed 30 s, then static",Mixed before static synthesis,method_and_explicit_static_stage
negative,19783,4444,10.1021/acs.cgd.0c00895,"vigorously mixed 30 s, then static",Mixed before static synthesis,method_and_explicit_static_stage
negative,19784,4445,10.1021/acs.cgd.0c00895,"vigorously mixed 30 s, then static",Mixed before static synthesis,method_and_explicit_static_stage
negative,19785,4446,10.1021/acs.cgd.0c00895,"vigorously mixed 30 s, then static",Mixed before static synthesis,method_and_explicit_static_stage
negative,19786,4447,10.1021/acs.cgd.0c00895,"vigorously mixed 30 s, then static",Mixed before static synthesis,method_and_explicit_static_stage
negative,19787,4448,10.1021/acs.cgd.0c00895,"vigorously mixed 30 s, then static",Mixed before static synthesis,method_and_explicit_static_stage
negative,19788,4449,10.1021/acs.cgd.0c00895,"vigorously mixed 30 s, then static",Mixed before static synthesis,method_and_explicit_static_stage
negative,19864,4525,10.1039/c8ta08702d,static (after initial mixing),Mixed before static synthesis,method_and_explicit_static_stage
negative,19865,4526,10.1039/c8ta08702d,static (after initial mixing),Mixed before static synthesis,method_and_explicit_static_stage
negative,20910,5571,10.1021/acs.chemmater.3c02121,vigorous stirring initially; gentle stirring during conversion,Stirred during synthesis,explicit_reaction_stage_agitation
negative,21518,6179,10.1021/acs.inorgchem.6b00221,ultrasonicated,Sonicated; stage not reported,method_without_reaction_stage_evidence
negative,21567,6228,10.1039/c3tc32114b,ultrasonic irradiation,Sonicated; stage not reported,method_without_reaction_stage_evidence
negative,21568,6229,10.1039/c3tc32114b,ultrasonic irradiation,Sonicated; stage not reported,method_without_reaction_stage_evidence
negative,22584,7245,10.1039/c0jm03563g,ultrasound,Sonicated; stage not reported,method_without_reaction_stage_evidence
negative,22585,7246,10.1039/c0jm03563g,ultrasound,Sonicated; stage not reported,method_without_reaction_stage_evidence
negative,22586,7247,10.1039/c0jm03563g,ultrasound,Sonicated; stage not reported,method_without_reaction_stage_evidence
negative,22587,7248,10.1039/c0jm03563g,ultrasound,Sonicated; stage not reported,method_without_reaction_stage_evidence
negative,22588,7249,10.1039/c0jm03563g,ultrasound,Sonicated; stage not reported,method_without_reaction_stage_evidence
negative,22589,7250,10.1039/c0jm03563g,ultrasound,Sonicated; stage not reported,method_without_reaction_stage_evidence
negative,25110,9771,10.1039/c4ce00573b,ultrasonicated,Sonicated; stage not reported,method_without_reaction_stage_evidence
negative,25111,9772,10.1039/c4ce00573b,ultrasonicated,Sonicated; stage not reported,method_without_reaction_stage_evidence
negative,25112,9773,10.1039/c4ce00573b,ultrasonicated,Sonicated; stage not reported,method_without_reaction_stage_evidence
negative,25113,9774,10.1039/c4ce00573b,ultrasonicated,Sonicated; stage not reported,method_without_reaction_stage_evidence
negative,25114,9775,10.1039/c4ce00573b,ultrasonicated,Sonicated; stage not reported,method_without_reaction_stage_evidence
negative,25115,9776,10.1039/c4ce00573b,ultrasonicated,Sonicated; stage not reported,method_without_reaction_stage_evidence
negative,25116,9777,10.1039/c4ce00573b,ultrasonicated,Sonicated; stage not reported,method_without_reaction_stage_evidence
negative,25117,9778,10.1039/c4ce00573b,ultrasonicated,Sonicated; stage not reported,method_without_reaction_stage_evidence
negative,25118,9779,10.1039/c4ce00573b,ultrasonicated,Sonicated; stage not reported,method_without_reaction_stage_evidence
negative,25119,9780,10.1039/c4ce00573b,ultrasonicated,Sonicated; stage not reported,method_without_reaction_stage_evidence
negative,25120,9781,10.1039/c4ce00573b,ultrasonicated,Sonicated; stage not reported,method_without_reaction_stage_evidence
negative,25121,9782,10.1039/c4ce00573b,ultrasonicated,Sonicated; stage not reported,method_without_reaction_stage_evidence
negative,25122,9783,10.1039/c4ce00573b,ultrasonicated,Sonicated; stage not reported,method_without_reaction_stage_evidence
negative,25123,9784,10.1039/c4ce00573b,ultrasonicated,Sonicated; stage not reported,method_without_reaction_stage_evidence
negative,25124,9785,10.1039/c4ce00573b,ultrasonicated,Sonicated; stage not reported,method_without_reaction_stage_evidence
negative,25125,9786,10.1039/c4ce00573b,ultrasonicated,Sonicated; stage not reported,method_without_reaction_stage_evidence
negative,25126,9787,10.1039/c4ce00573b,ultrasonicated,Sonicated; stage not reported,method_without_reaction_stage_evidence
negative,25127,9788,10.1039/c4ce00573b,ultrasonicated,Sonicated; stage not reported,method_without_reaction_stage_evidence
negative,25128,9789,10.1039/c4ce00573b,ultrasonicated,Sonicated; stage not reported,method_without_reaction_stage_evidence
negative,25129,9790,10.1039/c4ce00573b,ultrasonicated,Sonicated; stage not reported,method_without_reaction_stage_evidence
negative,25130,9791,10.1039/c4ce00573b,ultrasonicated,Sonicated; stage not reported,method_without_reaction_stage_evidence
negative,25131,9792,10.1039/c4ce00573b,ultrasonicated,Sonicated; stage not reported,method_without_reaction_stage_evidence
negative,25132,9793,10.1039/c4ce00573b,ultrasonicated,Sonicated; stage not reported,method_without_reaction_stage_evidence
negative,25133,9794,10.1039/c4ce00573b,ultrasonicated,Sonicated; stage not reported,method_without_reaction_stage_evidence
negative,25134,9795,10.1039/c4ce00573b,ultrasonicated,Sonicated; stage not reported,method_without_reaction_stage_evidence
negative,25135,9796,10.1039/c4ce00573b,ultrasonicated,Sonicated; stage not reported,method_without_reaction_stage_evidence
negative,25136,9797,10.1039/c4ce00573b,ultrasonicated,Sonicated; stage not reported,method_without_reaction_stage_evidence
negative,25459,10120,10.1021/ic101786r,shaken then static,Shaken before static synthesis,method_and_explicit_static_stage
negative,25460,10121,10.1021/ic101786r,shaken then static,Shaken before static synthesis,method_and_explicit_static_stage
negative,25461,10122,10.1021/ic101786r,shaken then static,Shaken before static synthesis,method_and_explicit_static_stage
negative,25462,10123,10.1021/ic101786r,shaken then static,Shaken before static synthesis,method_and_explicit_static_stage
negative,25463,10124,10.1021/ic101786r,shaken then static,Shaken before static synthesis,method_and_explicit_static_stage
negative,25464,10125,10.1021/ic101786r,shaken then static,Shaken before static synthesis,method_and_explicit_static_stage
negative,25465,10126,10.1021/ic101786r,shaken then static,Shaken before static synthesis,method_and_explicit_static_stage
negative,25466,10127,10.1021/ic101786r,shaken then static,Shaken before static synthesis,method_and_explicit_static_stage
negative,25467,10128,10.1021/ic101786r,shaken then static,Shaken before static synthesis,method_and_explicit_static_stage
negative,25468,10129,10.1021/ic101786r,shaken then static,Shaken before static synthesis,method_and_explicit_static_stage
negative,25469,10130,10.1021/ic101786r,shaken then static,Shaken before static synthesis,method_and_explicit_static_stage
negative,25470,10131,10.1021/ic101786r,shaken then static,Shaken before static synthesis,method_and_explicit_static_stage
negative,25471,10132,10.1021/ic101786r,shaken then static,Shaken before static synthesis,method_and_explicit_static_stage
negative,25472,10133,10.1021/ic101786r,shaken then static,Shaken before static synthesis,method_and_explicit_static_stage
negative,25473,10134,10.1021/ic101786r,shaken then static,Shaken before static synthesis,method_and_explicit_static_stage
negative,25474,10135,10.1021/ic101786r,shaken then static,Shaken before static synthesis,method_and_explicit_static_stage
negative,25475,10136,10.1021/ic101786r,shaken then static,Shaken before static synthesis,method_and_explicit_static_stage
negative,25476,10137,10.1021/ic101786r,shaken then static,Shaken before static synthesis,method_and_explicit_static_stage
negative,25477,10138,10.1021/ic101786r,shaken then static,Shaken before static synthesis,method_and_explicit_static_stage
negative,25478,10139,10.1021/ic101786r,shaken then static,Shaken before static synthesis,method_and_explicit_static_stage
negative,25479,10140,10.1021/ic101786r,shaken then static,Shaken before static synthesis,method_and_explicit_static_stage
negative,25480,10141,10.1021/ic101786r,shaken then static,Shaken before static synthesis,method_and_explicit_static_stage
negative,25481,10142,10.1021/ic101786r,shaken then static,Shaken before static synthesis,method_and_explicit_static_stage
negative,25482,10143,10.1021/ic101786r,shaken then static,Shaken before static synthesis,method_and_explicit_static_stage
negative,25483,10144,10.1021/ic101786r,shaken then static,Shaken before static synthesis,method_and_explicit_static_stage
negative,25484,10145,10.1021/ic101786r,shaken then static,Shaken before static synthesis,method_and_explicit_static_stage
negative,27859,12520,10.1016/j.ijbiomac.2024.137689,shaken at 50 rpm (horizontal rotary shaker),Shaken; stage not reported,method_without_reaction_stage_evidence
negative,27860,12521,10.1016/j.ijbiomac.2024.137689,shaken,Shaken; stage not reported,method_without_reaction_stage_evidence
negative,28294,12955,10.1016/j.ica.2022.121299,sonicated,Sonicated; stage not reported,method_without_reaction_stage_evidence
negative,28295,12956,10.1016/j.ica.2022.121299,sonicated,Sonicated; stage not reported,method_without_reaction_stage_evidence
negative,28296,12957,10.1016/j.ica.2022.121299,sonicated,Sonicated; stage not reported,method_without_reaction_stage_evidence
negative,28299,12960,10.1016/j.inoche.2011.06.030,vigorous,Stirred during synthesis,source_review:10.1016/j.inoche.2011.06.030:explicit_reaction_stage_agitation
negative,28300,12961,10.1016/j.inoche.2011.06.030,vigorous,Stirred during synthesis,source_review:10.1016/j.inoche.2011.06.030:explicit_reaction_stage_agitation
negative,28301,12962,10.1016/j.inoche.2011.06.030,vigorous,Stirred during synthesis,source_review:10.1016/j.inoche.2011.06.030:explicit_reaction_stage_agitation
negative,28302,12963,10.1016/j.inoche.2011.06.030,vigorous,Stirred during synthesis,source_review:10.1016/j.inoche.2011.06.030:explicit_reaction_stage_agitation
negative,28303,12964,10.1016/j.inoche.2011.06.030,vigorous,Stirred during synthesis,source_review:10.1016/j.inoche.2011.06.030:explicit_reaction_stage_agitation
negative,28304,12965,10.1016/j.inoche.2011.06.030,vigorous,Stirred during synthesis,source_review:10.1016/j.inoche.2011.06.030:explicit_reaction_stage_agitation
negative,28305,12966,10.1016/j.inoche.2011.06.030,vigorous,Stirred during synthesis,source_review:10.1016/j.inoche.2011.06.030:explicit_reaction_stage_agitation
negative,28306,12967,10.1016/j.inoche.2011.06.030,vigorous,Stirred during synthesis,source_review:10.1016/j.inoche.2011.06.030:explicit_reaction_stage_agitation
negative,29153,13814,10.1039/c8cc03511c,"shear homogenized at 11,500 rpm for 2 min; then static at 4 °C",Homogenized before static synthesis,method_and_explicit_static_stage
negative,29154,13815,10.1039/c8cc03511c,"shear homogenized at 11,500 rpm for 2 min; then static at 4 °C",Homogenized before static synthesis,method_and_explicit_static_stage
negative,29155,13816,10.1039/c8cc03511c,"shear homogenized at 11,500 rpm for 2 min; then static at 4 °C",Homogenized before static synthesis,method_and_explicit_static_stage
negative,29156,13817,10.1039/c8cc03511c,"shear homogenized at 11,500 rpm for 2 min; then static at 4 °C",Homogenized before static synthesis,method_and_explicit_static_stage
negative,29157,13818,10.1039/c8cc03511c,"shear homogenized at 11,500 rpm for 2 min; then static at 4 °C",Homogenized before static synthesis,method_and_explicit_static_stage
negative,29158,13819,10.1039/c8cc03511c,"shear homogenized at 11,500 rpm for 2 min; then static at 4 °C",Homogenized before static synthesis,method_and_explicit_static_stage
negative,29159,13820,10.1039/c8cc03511c,"shear homogenized at 11,500 rpm for 2 min; then static at 4 °C",Homogenized before static synthesis,method_and_explicit_static_stage
negative,29160,13821,10.1039/c8cc03511c,"shear homogenized at 11,500 rpm for 2 min; then static at 4 °C",Homogenized before static synthesis,method_and_explicit_static_stage
negative,29161,13822,10.1039/c8cc03511c,"shear homogenized at 11,500 rpm for 2 min; then static at 4 °C",Homogenized before static synthesis,method_and_explicit_static_stage
negative,29162,13823,10.1039/c8cc03511c,"shear homogenized at 11,500 rpm for 2 min; then static at 4 °C",Homogenized before static synthesis,method_and_explicit_static_stage
negative,29826,14487,10.1021/acs.chemmater.9b04177,"shaken briefly, then static",Shaken before static synthesis,method_and_explicit_static_stage
