feature,raw_value,value,rule,normalized_text,review_reason,positive_records,negative_records
stirring,"centrifuged at 10,000 rpm",Unclear / ambiguous,unresolved_nonempty_description,"centrifuged at 10,000 rpm",Centrifugation alone is not evidence of synthesis-stage stirring.,12,0
stirring,dropwise addition under Ar,Unclear / ambiguous,unresolved_nonempty_description,dropwise addition under ar,Reagent addition alone does not specify agitation.,4,0
stirring,reflux,Unclear / ambiguous,unresolved_nonempty_description,reflux,Heating or irradiation alone does not specify agitation.,3,0
stirring,microwave irradiation,Unclear / ambiguous,unresolved_nonempty_description,microwave irradiation,Heating or irradiation alone does not specify agitation.,1,0
stirring,with or without stirring,Unclear / ambiguous,alternative_agitation_states,with or without stirring,"The extraction lists alternative agitation states, not a unique record-specific state.",1,0
vessel_type,Teflon reactor (4 mL screw-capped vial inside),Nested / multiple vessels,multiple_vessels,teflon reactor (4 ml screw-capped vial inside),Nested or sequential apparatus; no single vessel selected,10,22
vessel_type,block heater,Not reported,equipment_or_operation_only,block heater,"Description specifies equipment/operation, not an identifiable reaction vessel",0,24
vessel_type,Teflon-lined autoclave (80 mL) with 25×40 mm vial inside,Nested / multiple vessels,multiple_vessels,teflon-lined autoclave (80 ml) with 25 x 40 mm vial inside,Nested or sequential apparatus; no single vessel selected,18,5
vessel_type,reflux setup,Not reported,equipment_or_operation_only,reflux setup,"Description specifies equipment/operation, not an identifiable reaction vessel",19,4
vessel_type,sealed vessel,Vessel (type not reported),generic_vessel,sealed vessel,Vessel is named but shape/material cannot be resolved,12,8
vessel_type,closed vessel,Vessel (type not reported),generic_vessel,closed vessel,Vessel is named but shape/material cannot be resolved,5,11
vessel_type,Teflon-lined autoclave; glass vial,Nested / multiple vessels,multiple_vessels,teflon-lined autoclave; glass vial,Nested or sequential apparatus; no single vessel selected,4,11
vessel_type,10 mL vial in 100 mL high-pressure autoclave (sapphire windows),Nested / multiple vessels,multiple_vessels,10 ml vial in 100 ml high-pressure autoclave (sapphire windows),Nested or sequential apparatus; no single vessel selected,4,10
vessel_type,glass vial inside sealed glass jar placed in a metal tube (autogenous pressure),Nested / multiple vessels,multiple_vessels,glass vial inside sealed glass jar placed in a metal tube (autogenous pressure),Nested or sequential apparatus; no single vessel selected,5,9
vessel_type,hydrothermal vessel,Vessel (type not reported),generic_vessel,hydrothermal vessel,Vessel is named but shape/material cannot be resolved,6,8
vessel_type,reflux apparatus,Not reported,equipment_or_operation_only,reflux apparatus,"Description specifies equipment/operation, not an identifiable reaction vessel",7,6
vessel_type,Teflon vessel in a steel autoclave,Nested / multiple vessels,multiple_vessels,teflon vessel in a steel autoclave,Nested or sequential apparatus; no single vessel selected,12,0
vessel_type,glass vials (1 dram; solution initially in 8 dram vial),Nested / multiple vessels,multiple_vessels,glass vials (1 dram; solution initially in 8 dram vial),Nested or sequential apparatus; no single vessel selected,4,8
vessel_type,liquid diffusion (layering),Not reported,equipment_or_operation_only,liquid diffusion (layering),"Description specifies equipment/operation, not an identifiable reaction vessel",5,6
vessel_type,reaction vessel,Vessel (type not reported),generic_vessel,reaction vessel,Vessel is named but shape/material cannot be resolved,0,10
vessel_type,Teflon-lined stainless steel vessel; then glass test tube for layering,Nested / multiple vessels,multiple_vessels,teflon-lined stainless steel vessel; then glass test tube for layering,Nested or sequential apparatus; no single vessel selected,1,8
vessel_type,ultrasound bath,Not reported,equipment_or_operation_only,ultrasound bath,"Description specifies equipment/operation, not an identifiable reaction vessel",0,8
vessel_type,vapor diffusion setup,Not reported,equipment_or_operation_only,vapor diffusion setup,"Description specifies equipment/operation, not an identifiable reaction vessel",8,0
vessel_type,sealed container,Vessel (type not reported),generic_vessel,sealed container,Vessel is named but shape/material cannot be resolved,7,0
vessel_type,1.8-dram glass vial inside 20 mL scintillation vial (vapor diffusion),Nested / multiple vessels,multiple_vessels,1.8-dram glass vial inside 20 ml scintillation vial (vapor diffusion),Nested or sequential apparatus; no single vessel selected,1,5
vessel_type,20 mL reaction vessel,Vessel (type not reported),generic_vessel,20 ml reaction vessel,Vessel is named but shape/material cannot be resolved,6,0
vessel_type,H-shaped tube (diffusion); slow evaporation of filtrate in open vial,Nested / multiple vessels,multiple_vessels,h-shaped tube (diffusion); slow evaporation of filtrate in open vial,Nested or sequential apparatus; no single vessel selected,0,6
vessel_type,vial-in-vial diffusion (glass vials),Nested / multiple vessels,multiple_vessels,vial-in-vial diffusion (glass vials),Nested or sequential apparatus; no single vessel selected,4,2
vessel_type,reflux system,Not reported,equipment_or_operation_only,reflux system,"Description specifies equipment/operation, not an identifiable reaction vessel",5,0
vessel_type,sealed reaction vessel (200 mL),Vessel (type not reported),generic_vessel,sealed reaction vessel (200 ml),Vessel is named but shape/material cannot be resolved,3,2
vessel_type,ultrasonic bath (40 kHz),Not reported,equipment_or_operation_only,ultrasonic bath (40 khz),"Description specifies equipment/operation, not an identifiable reaction vessel",5,0
vessel_type,20 mL capped vessel,Vessel (type not reported),generic_vessel,20 ml capped vessel,Vessel is named but shape/material cannot be resolved,4,0
vessel_type,200 mL Teflon-capped reaction vessel,Vessel (type not reported),generic_vessel,200 ml teflon-capped reaction vessel,Vessel is named but shape/material cannot be resolved,4,0
vessel_type,Parr vessel,Vessel (type not reported),generic_vessel,parr vessel,Vessel is named but shape/material cannot be resolved,4,0
vessel_type,Teflon bag in Teflon-lined autoclave,Nested / multiple vessels,multiple_vessels,teflon bag in teflon-lined autoclave,Nested or sequential apparatus; no single vessel selected,2,1
vessel_type,sealed reaction vessel (10 mL),Vessel (type not reported),generic_vessel,sealed reaction vessel (10 ml),Vessel is named but shape/material cannot be resolved,3,0
vessel_type,ultrasonic bath,Not reported,equipment_or_operation_only,ultrasonic bath,"Description specifies equipment/operation, not an identifiable reaction vessel",3,0
vessel_type,100 mL Teflon-sealed vessel,Vessel (type not reported),generic_vessel,100 ml teflon-sealed vessel,Vessel is named but shape/material cannot be resolved,2,0
vessel_type,15 mL reaction vessel,Vessel (type not reported),generic_vessel,15 ml reaction vessel,Vessel is named but shape/material cannot be resolved,2,0
vessel_type,25 mL sealed vessel,Vessel (type not reported),generic_vessel,25 ml sealed vessel,Vessel is named but shape/material cannot be resolved,2,0
vessel_type,3 mL Savillex screw-top vial in Teflon cup within steel Parr autoclave (autogenous pressure),Nested / multiple vessels,multiple_vessels,3 ml savillex screw-top vial in teflon cup within steel parr autoclave (autogenous pressure),Nested or sequential apparatus; no single vessel selected,1,1
vessel_type,50 mL solvothermal vessel,Vessel (type not reported),generic_vessel,50 ml solvothermal vessel,Vessel is named but shape/material cannot be resolved,2,0
vessel_type,Space-confined glass slide reactor immersed in 100 mL Schott bottle,Nested / multiple vessels,multiple_vessels,space-confined glass slide reactor immersed in 100 ml schott bottle,Nested or sequential apparatus; no single vessel selected,2,0
vessel_type,Teflon bag in 45 mL reaction vessel,Nested / multiple vessels,multiple_vessels,teflon bag in 45 ml reaction vessel,Nested or sequential apparatus; no single vessel selected,2,0
vessel_type,Teflon-lined autoclave (23 mL Teflon vial in Parr autoclave),Nested / multiple vessels,multiple_vessels,teflon-lined autoclave (23 ml teflon vial in parr autoclave),Nested or sequential apparatus; no single vessel selected,2,0
vessel_type,Teflon-lined autoclave (250 mL; separate vial of NH3 inside),Nested / multiple vessels,multiple_vessels,teflon-lined autoclave (250 ml; separate vial of nh3 inside),Nested or sequential apparatus; no single vessel selected,2,0
vessel_type,closed container,Vessel (type not reported),generic_vessel,closed container,Vessel is named but shape/material cannot be resolved,2,0
vessel_type,covered 250 mL vessel,Vessel (type not reported),generic_vessel,covered 250 ml vessel,Vessel is named but shape/material cannot be resolved,2,0
vessel_type,double-vial (small vial in large vial),Nested / multiple vessels,multiple_vessels,double-vial (small vial in large vial),Nested or sequential apparatus; no single vessel selected,2,0
vessel_type,electric furnace,Not reported,equipment_or_operation_only,electric furnace,"Description specifies equipment/operation, not an identifiable reaction vessel",2,0
vessel_type,glass diffusion setup,Not reported,equipment_or_operation_only,glass diffusion setup,"Description specifies equipment/operation, not an identifiable reaction vessel",2,0
vessel_type,layered diffusion (MeOH over DMF),Not reported,equipment_or_operation_only,layered diffusion (meoh over dmf),"Description specifies equipment/operation, not an identifiable reaction vessel",1,1
vessel_type,reflux,Not reported,equipment_or_operation_only,reflux,"Description specifies equipment/operation, not an identifiable reaction vessel",2,0
vessel_type,reflux setup (glass),Not reported,equipment_or_operation_only,reflux setup (glass),"Description specifies equipment/operation, not an identifiable reaction vessel",2,0
vessel_type,snap-on cap glass vial in autoclave,Nested / multiple vessels,multiple_vessels,snap-on cap glass vial in autoclave,Nested or sequential apparatus; no single vessel selected,2,0
vessel_type,vessel,Vessel (type not reported),generic_vessel,vessel,Vessel is named but shape/material cannot be resolved,2,0
vessel_type,vial-in-vial diffusion setup,Nested / multiple vessels,multiple_vessels,vial-in-vial diffusion setup,Nested or sequential apparatus; no single vessel selected,2,0
vessel_type,1 L high-pressure flask for conversion; initial step in 100 mL–150 mL vessel,Nested / multiple vessels,multiple_vessels,1 l high-pressure flask for conversion; initial step in 100 ml-150 ml vessel,Nested or sequential apparatus; no single vessel selected,0,1
vessel_type,100 mL reaction vessel,Vessel (type not reported),generic_vessel,100 ml reaction vessel,Vessel is named but shape/material cannot be resolved,1,0
vessel_type,20 mL test tube with inner vial (slow diffusion),Nested / multiple vessels,multiple_vessels,20 ml test tube with inner vial (slow diffusion),Nested or sequential apparatus; no single vessel selected,1,0
vessel_type,20 ml capped vessel,Vessel (type not reported),generic_vessel,20 ml capped vessel,Vessel is named but shape/material cannot be resolved,1,0
vessel_type,25 mL reaction vessel,Vessel (type not reported),generic_vessel,25 ml reaction vessel,Vessel is named but shape/material cannot be resolved,1,0
vessel_type,25 mL sealed reaction vessel,Vessel (type not reported),generic_vessel,25 ml sealed reaction vessel,Vessel is named but shape/material cannot be resolved,1,0
vessel_type,30 mL Teflon vessel sealed in glass vial,Nested / multiple vessels,multiple_vessels,30 ml teflon vessel sealed in glass vial,Nested or sequential apparatus; no single vessel selected,1,0
vessel_type,4 mL glass vial placed inside 20 mL vial (vapor diffusion),Nested / multiple vessels,multiple_vessels,4 ml glass vial placed inside 20 ml vial (vapor diffusion),Nested or sequential apparatus; no single vessel selected,1,0
vessel_type,4 mL scintillation vials; crystallization in 20 mL vial,Nested / multiple vessels,multiple_vessels,4 ml scintillation vials; crystallization in 20 ml vial,Nested or sequential apparatus; no single vessel selected,1,0
vessel_type,Teflon beaker for gel prep; glass test tube for gel diffusion,Nested / multiple vessels,multiple_vessels,teflon beaker for gel prep; glass test tube for gel diffusion,Nested or sequential apparatus; no single vessel selected,1,0
vessel_type,Teflon vessel (50 mL) in autoclave,Nested / multiple vessels,multiple_vessels,teflon vessel (50 ml) in autoclave,Nested or sequential apparatus; no single vessel selected,1,0
vessel_type,Teflon vial in autoclave,Nested / multiple vessels,multiple_vessels,teflon vial in autoclave,Nested or sequential apparatus; no single vessel selected,1,0
vessel_type,Teflon vial sealed in stainless steel autoclave,Nested / multiple vessels,multiple_vessels,teflon vial sealed in stainless steel autoclave,Nested or sequential apparatus; no single vessel selected,1,0
vessel_type,Teflon-lined autoclave (80 mL) with 25×40 mm vial inside; NaOH solution (2 mL H2O + 2 mL EtOH) at bottom when used,Nested / multiple vessels,multiple_vessels,teflon-lined autoclave (80 ml) with 25 x 40 mm vial inside; naoh solution (2 ml h2o + 2 ml etoh) at bottom when used,Nested or sequential apparatus; no single vessel selected,1,0
vessel_type,Teflon-lined autoclave (glass vial inside),Nested / multiple vessels,multiple_vessels,teflon-lined autoclave (glass vial inside),Nested or sequential apparatus; no single vessel selected,1,0
vessel_type,air oven,Not reported,equipment_or_operation_only,air oven,"Description specifies equipment/operation, not an identifiable reaction vessel",1,0
vessel_type,hydrothermal chamber,Vessel (type not reported),generic_vessel,hydrothermal chamber,Vessel is named but shape/material cannot be resolved,1,0
vessel_type,jar with inner vial,Nested / multiple vessels,multiple_vessels,jar with inner vial,Nested or sequential apparatus; no single vessel selected,1,0
vessel_type,liquid–liquid diffusion,Not reported,equipment_or_operation_only,liquid-liquid diffusion,"Description specifies equipment/operation, not an identifiable reaction vessel",1,0
vessel_type,lyophilizer (freeze dryer),Not reported,equipment_or_operation_only,lyophilizer (freeze dryer),"Description specifies equipment/operation, not an identifiable reaction vessel",1,0
vessel_type,oil bath,Not reported,equipment_or_operation_only,oil bath,"Description specifies equipment/operation, not an identifiable reaction vessel",1,0
vessel_type,sand bath in oven,Not reported,equipment_or_operation_only,sand bath in oven,"Description specifies equipment/operation, not an identifiable reaction vessel",1,0
vessel_type,screw-capped Erlenmeyer flask; divided into two 100 mL pressurized flasks,Nested / multiple vessels,multiple_vessels,screw-capped erlenmeyer flask; divided into two 100 ml pressurized flasks,Nested or sequential apparatus; no single vessel selected,1,0
vessel_type,sealed vessel (static),Vessel (type not reported),generic_vessel,sealed vessel (static),Vessel is named but shape/material cannot be resolved,1,0
vessel_type,"soak, static",Not reported,equipment_or_operation_only,"soak, static","Description specifies equipment/operation, not an identifiable reaction vessel",1,0
vessel_type,spray dryer (AF-88),Not reported,equipment_or_operation_only,spray dryer (af-88),"Description specifies equipment/operation, not an identifiable reaction vessel",1,0
vessel_type,test tube in sealed bottle (vapor diffusion),Nested / multiple vessels,multiple_vessels,test tube in sealed bottle (vapor diffusion),Nested or sequential apparatus; no single vessel selected,1,0
vessel_type,ultrasonic bath; oven,Not reported,equipment_or_operation_only,ultrasonic bath; oven,"Description specifies equipment/operation, not an identifiable reaction vessel",1,0
vessel_type,vial-in-vial diffusion,Nested / multiple vessels,multiple_vessels,vial-in-vial diffusion,Nested or sequential apparatus; no single vessel selected,1,0
vessel_volume_mL,6-dram glass vial,Ambiguous,unspecified_imperial_volume,6-dram glass vial,Imperial/US customary size without explicit mL equivalent; convention not assumed,63,55
vessel_volume_mL,Teflon reactor (4 mL screw-capped vial inside),Ambiguous,nested_vessel_capacity,teflon reactor (4 ml screw-capped vial inside),Capacity cannot be assigned to one reaction vessel in nested/sequential apparatus,10,22
vessel_volume_mL,six-dram glass vial,Ambiguous,unspecified_imperial_volume,six-dram glass vial,Imperial/US customary size without explicit mL equivalent; convention not assumed,5,22
vessel_volume_mL,8-dram vial,Ambiguous,unspecified_imperial_volume,8-dram vial,Imperial/US customary size without explicit mL equivalent; convention not assumed,21,3
vessel_volume_mL,block heater,Not reported,no_identified_vessel,block heater,"Description specifies equipment/operation, not an identifiable reaction vessel",0,24
vessel_volume_mL,Teflon-lined autoclave (80 mL) with 25×40 mm vial inside,Ambiguous,nested_vessel_capacity,teflon-lined autoclave (80 ml) with 25 x 40 mm vial inside,Capacity cannot be assigned to one reaction vessel in nested/sequential apparatus,18,5
vessel_volume_mL,reflux setup,Not reported,no_identified_vessel,reflux setup,"Description specifies equipment/operation, not an identifiable reaction vessel",19,4
vessel_volume_mL,6-dram scintillation vial,Ambiguous,unspecified_imperial_volume,6-dram scintillation vial,Imperial/US customary size without explicit mL equivalent; convention not assumed,14,8
vessel_volume_mL,8 dram glass vial,Ambiguous,unspecified_imperial_volume,8 dram glass vial,Imperial/US customary size without explicit mL equivalent; convention not assumed,21,0
vessel_volume_mL,1 L round-bottom flask with reflux condenser,1000.0,explicit_capacity_ml,1 l round-bottom flask with reflux condenser,Uncommon stated capacity retained; source verification recommended,2,15
vessel_volume_mL,"1.5 dram glass vial (oven, crystallization dish)",Ambiguous,unspecified_imperial_volume,"1.5 dram glass vial (oven, crystallization dish)",Imperial/US customary size without explicit mL equivalent; convention not assumed,3,13
vessel_volume_mL,Teflon-lined autoclave; glass vial,Ambiguous,nested_vessel_capacity,teflon-lined autoclave; glass vial,Capacity cannot be assigned to one reaction vessel in nested/sequential apparatus,4,11
vessel_volume_mL,10 mL vial in 100 mL high-pressure autoclave (sapphire windows),Ambiguous,nested_vessel_capacity,10 ml vial in 100 ml high-pressure autoclave (sapphire windows),Capacity cannot be assigned to one reaction vessel in nested/sequential apparatus,4,10
vessel_volume_mL,glass vial inside sealed glass jar placed in a metal tube (autogenous pressure),Ambiguous,nested_vessel_capacity,glass vial inside sealed glass jar placed in a metal tube (autogenous pressure),Capacity cannot be assigned to one reaction vessel in nested/sequential apparatus,5,9
vessel_volume_mL,"glass vial, 1.5-dram",Ambiguous,unspecified_imperial_volume,"glass vial, 1.5-dram",Imperial/US customary size without explicit mL equivalent; convention not assumed,6,7
vessel_volume_mL,reflux apparatus,Not reported,no_identified_vessel,reflux apparatus,"Description specifies equipment/operation, not an identifiable reaction vessel",7,6
vessel_volume_mL,5-dram screw-capped vial,Ambiguous,unspecified_imperial_volume,5-dram screw-capped vial,Imperial/US customary size without explicit mL equivalent; convention not assumed,0,12
vessel_volume_mL,Teflon reactor (0.25 mL),0.25,explicit_capacity_ml,teflon reactor (0.25 ml),Uncommon stated capacity retained; source verification recommended,1,11
vessel_volume_mL,Teflon vessel in a steel autoclave,Ambiguous,nested_vessel_capacity,teflon vessel in a steel autoclave,Capacity cannot be assigned to one reaction vessel in nested/sequential apparatus,12,0
vessel_volume_mL,glass vials (1 dram; solution initially in 8 dram vial),Ambiguous,nested_vessel_capacity,glass vials (1 dram; solution initially in 8 dram vial),Capacity cannot be assigned to one reaction vessel in nested/sequential apparatus,4,8
vessel_volume_mL,liquid diffusion (layering),Not reported,no_identified_vessel,liquid diffusion (layering),"Description specifies equipment/operation, not an identifiable reaction vessel",5,6
vessel_volume_mL,3-dram glass vial,Ambiguous,unspecified_imperial_volume,3-dram glass vial,Imperial/US customary size without explicit mL equivalent; convention not assumed,1,9
vessel_volume_mL,"microwave vial (Biotage Initiator, 2–5 mL)",Ambiguous,range_or_alternative_capacity,"microwave vial (biotage initiator, 2-5 ml)","Range, alternative, or fraction is not reduced to an arbitrary scalar",7,3
vessel_volume_mL,2-dram screw-cap vial,Ambiguous,unspecified_imperial_volume,2-dram screw-cap vial,Imperial/US customary size without explicit mL equivalent; convention not assumed,6,3
vessel_volume_mL,Teflon-lined stainless steel vessel; then glass test tube for layering,Ambiguous,nested_vessel_capacity,teflon-lined stainless steel vessel; then glass test tube for layering,Capacity cannot be assigned to one reaction vessel in nested/sequential apparatus,1,8
vessel_volume_mL,"glass vial (1.5-dram), sealed",Ambiguous,unspecified_imperial_volume,"glass vial (1.5-dram), sealed",Imperial/US customary size without explicit mL equivalent; convention not assumed,6,3
vessel_volume_mL,1.5 dram glass vial,Ambiguous,unspecified_imperial_volume,1.5 dram glass vial,Imperial/US customary size without explicit mL equivalent; convention not assumed,2,6
vessel_volume_mL,8 dram glass vial (oil bath),Ambiguous,unspecified_imperial_volume,8 dram glass vial (oil bath),Imperial/US customary size without explicit mL equivalent; convention not assumed,1,7
vessel_volume_mL,ultrasound bath,Not reported,no_identified_vessel,ultrasound bath,"Description specifies equipment/operation, not an identifiable reaction vessel",0,8
vessel_volume_mL,vapor diffusion setup,Not reported,no_identified_vessel,vapor diffusion setup,"Description specifies equipment/operation, not an identifiable reaction vessel",8,0
vessel_volume_mL,5 L glass reactor with reflux condenser and Teflon-lined mechanical stirrer (two blades),5000.0,explicit_capacity_ml,5 l glass reactor with reflux condenser and teflon-lined mechanical stirrer (two blades),Uncommon stated capacity retained; source verification recommended,1,6
vessel_volume_mL,PTFE insert in stainless steel high-throughput reactor (300 ?L),Ambiguous,damaged_volume_unit,ptfe insert in stainless steel high-throughput reactor (300 ?l),Corrupted unit could change the volume scale; no unit guessed,0,7
vessel_volume_mL,1.8-dram glass vial inside 20 mL scintillation vial (vapor diffusion),Ambiguous,nested_vessel_capacity,1.8-dram glass vial inside 20 ml scintillation vial (vapor diffusion),Capacity cannot be assigned to one reaction vessel in nested/sequential apparatus,1,5
vessel_volume_mL,2-dram vial,Ambiguous,unspecified_imperial_volume,2-dram vial,Imperial/US customary size without explicit mL equivalent; convention not assumed,3,3
vessel_volume_mL,H-shaped tube (diffusion); slow evaporation of filtrate in open vial,Ambiguous,nested_vessel_capacity,h-shaped tube (diffusion); slow evaporation of filtrate in open vial,Capacity cannot be assigned to one reaction vessel in nested/sequential apparatus,0,6
vessel_volume_mL,Schott DURAN pressure plus bottle (1 L),1000.0,explicit_capacity_ml,schott duran pressure plus bottle (1 l),Uncommon stated capacity retained; source verification recommended,6,0
vessel_volume_mL,glass dram vial,Ambiguous,unspecified_imperial_volume,glass dram vial,Imperial/US customary size without explicit mL equivalent; convention not assumed,3,3
vessel_volume_mL,vial-in-vial diffusion (glass vials),Ambiguous,nested_vessel_capacity,vial-in-vial diffusion (glass vials),Capacity cannot be assigned to one reaction vessel in nested/sequential apparatus,4,2
vessel_volume_mL,1 L Schott DURAN pressure plus bottle,1000.0,explicit_capacity_ml,1 l schott duran pressure plus bottle,Uncommon stated capacity retained; source verification recommended,1,4
vessel_volume_mL,1 L glass bottle (sealed),1000.0,explicit_capacity_ml,1 l glass bottle (sealed),Uncommon stated capacity retained; source verification recommended,5,0
vessel_volume_mL,2 L three-necked flask,2000.0,explicit_capacity_ml,2 l three-necked flask,Uncommon stated capacity retained; source verification recommended,4,1
vessel_volume_mL,reflux system,Not reported,no_identified_vessel,reflux system,"Description specifies equipment/operation, not an identifiable reaction vessel",5,0
vessel_volume_mL,ultrasonic bath (40 kHz),Not reported,no_identified_vessel,ultrasonic bath (40 khz),"Description specifies equipment/operation, not an identifiable reaction vessel",5,0
vessel_volume_mL,1.5-dram vial,Ambiguous,unspecified_imperial_volume,1.5-dram vial,Imperial/US customary size without explicit mL equivalent; convention not assumed,4,0
vessel_volume_mL,6-dram vial,Ambiguous,unspecified_imperial_volume,6-dram vial,Imperial/US customary size without explicit mL equivalent; convention not assumed,4,0
vessel_volume_mL,8-dram glass vial,Ambiguous,unspecified_imperial_volume,8-dram glass vial,Imperial/US customary size without explicit mL equivalent; convention not assumed,2,2
vessel_volume_mL,8-dram glass vial (oven),Ambiguous,unspecified_imperial_volume,8-dram glass vial (oven),Imperial/US customary size without explicit mL equivalent; convention not assumed,2,2
vessel_volume_mL,PTFE insert in stainless steel high-throughput reactor (300 μL),0.3,explicit_capacity_ml,ptfe insert in stainless steel high-throughput reactor (300 ul),Uncommon stated capacity retained; source verification recommended,4,0
vessel_volume_mL,Teflon-lined stainless-steel autoclave (20–28 mL),Ambiguous,range_or_alternative_capacity,teflon-lined stainless-steel autoclave (20-28 ml),"Range, alternative, or fraction is not reduced to an arbitrary scalar",4,0
vessel_volume_mL,glass vial (8-dram),Ambiguous,unspecified_imperial_volume,glass vial (8-dram),Imperial/US customary size without explicit mL equivalent; convention not assumed,1,3
vessel_volume_mL,0.5 dram Pyrex vial,Ambiguous,unspecified_imperial_volume,0.5 dram pyrex vial,Imperial/US customary size without explicit mL equivalent; convention not assumed,3,0
vessel_volume_mL,1 L Teflon-lined autoclave,1000.0,explicit_capacity_ml,1 l teflon-lined autoclave,Uncommon stated capacity retained; source verification recommended,3,0
vessel_volume_mL,5 L reactor (reflux),5000.0,explicit_capacity_ml,5 l reactor (reflux),Uncommon stated capacity retained; source verification recommended,1,2
vessel_volume_mL,6 dr glass vial,Ambiguous,unspecified_imperial_volume,6 dr glass vial,Imperial/US customary size without explicit mL equivalent; convention not assumed,3,0
vessel_volume_mL,8 dram vial,Ambiguous,unspecified_imperial_volume,8 dram vial,Imperial/US customary size without explicit mL equivalent; convention not assumed,2,1
vessel_volume_mL,8 dram vial in preheated oven,Ambiguous,unspecified_imperial_volume,8 dram vial in preheated oven,Imperial/US customary size without explicit mL equivalent; convention not assumed,3,0
vessel_volume_mL,DURAN glass tube (12 mm) with PBT screw cap and PTFE-coated gasket; 2 mL suspension charged,Not reported,charge_volume_only,duran glass tube (12 mm) with pbt screw cap and ptfe-coated gasket; 2 ml suspension charged,"Only a reaction/solution charge is stated, not vessel capacity",0,3
vessel_volume_mL,Teflon bag in Teflon-lined autoclave,Ambiguous,nested_vessel_capacity,teflon bag in teflon-lined autoclave,Capacity cannot be assigned to one reaction vessel in nested/sequential apparatus,2,1
vessel_volume_mL,ultrasonic bath,Not reported,no_identified_vessel,ultrasonic bath,"Description specifies equipment/operation, not an identifiable reaction vessel",3,0
vessel_volume_mL,1-dram glass vial,Ambiguous,unspecified_imperial_volume,1-dram glass vial,Imperial/US customary size without explicit mL equivalent; convention not assumed,2,0
vessel_volume_mL,1-dram vial,Ambiguous,unspecified_imperial_volume,1-dram vial,Imperial/US customary size without explicit mL equivalent; convention not assumed,2,0
vessel_volume_mL,2-dram vial (sealed),Ambiguous,unspecified_imperial_volume,2-dram vial (sealed),Imperial/US customary size without explicit mL equivalent; convention not assumed,2,0
vessel_volume_mL,3 L autoclave (unstirred),3000.0,explicit_capacity_ml,3 l autoclave (unstirred),Uncommon stated capacity retained; source verification recommended,1,1
vessel_volume_mL,3 mL Savillex screw-top vial in Teflon cup within steel Parr autoclave (autogenous pressure),Ambiguous,nested_vessel_capacity,3 ml savillex screw-top vial in teflon cup within steel parr autoclave (autogenous pressure),Capacity cannot be assigned to one reaction vessel in nested/sequential apparatus,1,1
vessel_volume_mL,30 L reactor,30000.0,explicit_capacity_ml,30 l reactor,Uncommon stated capacity retained; source verification recommended,1,1
vessel_volume_mL,4 dram glass vial (sealed),Ambiguous,unspecified_imperial_volume,4 dram glass vial (sealed),Imperial/US customary size without explicit mL equivalent; convention not assumed,2,0
vessel_volume_mL,Glass reactor with reflux condenser (1 L),1000.0,explicit_capacity_ml,glass reactor with reflux condenser (1 l),Uncommon stated capacity retained; source verification recommended,2,0
vessel_volume_mL,Space-confined glass slide reactor immersed in 100 mL Schott bottle,Ambiguous,nested_vessel_capacity,space-confined glass slide reactor immersed in 100 ml schott bottle,Capacity cannot be assigned to one reaction vessel in nested/sequential apparatus,2,0
vessel_volume_mL,Teflon bag in 45 mL reaction vessel,Ambiguous,nested_vessel_capacity,teflon bag in 45 ml reaction vessel,Capacity cannot be assigned to one reaction vessel in nested/sequential apparatus,2,0
vessel_volume_mL,Teflon-lined autoclave (1 L),1000.0,explicit_capacity_ml,teflon-lined autoclave (1 l),Uncommon stated capacity retained; source verification recommended,2,0
vessel_volume_mL,Teflon-lined autoclave (23 mL Teflon vial in Parr autoclave),Ambiguous,nested_vessel_capacity,teflon-lined autoclave (23 ml teflon vial in parr autoclave),Capacity cannot be assigned to one reaction vessel in nested/sequential apparatus,2,0
vessel_volume_mL,Teflon-lined autoclave (250 mL; separate vial of NH3 inside),Ambiguous,nested_vessel_capacity,teflon-lined autoclave (250 ml; separate vial of nh3 inside),Capacity cannot be assigned to one reaction vessel in nested/sequential apparatus,2,0
vessel_volume_mL,double-layered glass reactor (10 L),10000.0,explicit_capacity_ml,double-layered glass reactor (10 l),Uncommon stated capacity retained; source verification recommended,1,1
vessel_volume_mL,double-vial (small vial in large vial),Ambiguous,nested_vessel_capacity,double-vial (small vial in large vial),Capacity cannot be assigned to one reaction vessel in nested/sequential apparatus,2,0
vessel_volume_mL,electric furnace,Not reported,no_identified_vessel,electric furnace,"Description specifies equipment/operation, not an identifiable reaction vessel",2,0
vessel_volume_mL,glass diffusion setup,Not reported,no_identified_vessel,glass diffusion setup,"Description specifies equipment/operation, not an identifiable reaction vessel",2,0
vessel_volume_mL,layered diffusion (MeOH over DMF),Not reported,no_identified_vessel,layered diffusion (meoh over dmf),"Description specifies equipment/operation, not an identifiable reaction vessel",1,1
vessel_volume_mL,reflux,Not reported,no_identified_vessel,reflux,"Description specifies equipment/operation, not an identifiable reaction vessel",2,0
vessel_volume_mL,reflux setup (glass),Not reported,no_identified_vessel,reflux setup (glass),"Description specifies equipment/operation, not an identifiable reaction vessel",2,0
vessel_volume_mL,snap-on cap glass vial in autoclave,Ambiguous,nested_vessel_capacity,snap-on cap glass vial in autoclave,Capacity cannot be assigned to one reaction vessel in nested/sequential apparatus,2,0
vessel_volume_mL,vial-in-vial diffusion setup,Ambiguous,nested_vessel_capacity,vial-in-vial diffusion setup,Capacity cannot be assigned to one reaction vessel in nested/sequential apparatus,2,0
vessel_volume_mL,1 L Erlenmeyer flask,1000.0,explicit_capacity_ml,1 l erlenmeyer flask,Uncommon stated capacity retained; source verification recommended,1,0
vessel_volume_mL,1 L Teflon-lined stainless-steel autoclave,1000.0,explicit_capacity_ml,1 l teflon-lined stainless-steel autoclave,Uncommon stated capacity retained; source verification recommended,1,0
vessel_volume_mL,1 L high-pressure flask for conversion; initial step in 100 mL–150 mL vessel,Ambiguous,nested_vessel_capacity,1 l high-pressure flask for conversion; initial step in 100 ml-150 ml vessel,Capacity cannot be assigned to one reaction vessel in nested/sequential apparatus,0,1
vessel_volume_mL,1 L reactor (pilot-plant stirrer),1000.0,explicit_capacity_ml,1 l reactor (pilot-plant stirrer),Uncommon stated capacity retained; source verification recommended,1,0
vessel_volume_mL,1 L screw-cap glass jar,1000.0,explicit_capacity_ml,1 l screw-cap glass jar,Uncommon stated capacity retained; source verification recommended,1,0
vessel_volume_mL,1 L screw-capped vial,Ambiguous,suspect_vial_volume_scale,1 l screw-capped vial,Vial description with capacity >=1000 mL requires source verification; no unit correction guessed,1,0
vessel_volume_mL,1-L HDPE jar (tightly capped),1000.0,explicit_capacity_ml,1-l hdpe jar (tightly capped),Uncommon stated capacity retained; source verification recommended,1,0
vessel_volume_mL,"1.5-dram glass vial (sealed), heated in oven with sand bath",Ambiguous,unspecified_imperial_volume,"1.5-dram glass vial (sealed), heated in oven with sand bath",Imperial/US customary size without explicit mL equivalent; convention not assumed,1,0
vessel_volume_mL,"10 L glass vial (sealed), oil bath",Ambiguous,suspect_vial_volume_scale,"10 l glass vial (sealed), oil bath",Vial description with capacity >=1000 mL requires source verification; no unit correction guessed,1,0
vessel_volume_mL,10 L jacketed glass reactor,10000.0,explicit_capacity_ml,10 l jacketed glass reactor,Uncommon stated capacity retained; source verification recommended,1,0
vessel_volume_mL,1000 mL flask,1000.0,explicit_capacity_ml,1000 ml flask,Uncommon stated capacity retained; source verification recommended,1,0
vessel_volume_mL,1000 mL glass flask,1000.0,explicit_capacity_ml,1000 ml glass flask,Uncommon stated capacity retained; source verification recommended,1,0
vessel_volume_mL,2 L Pyrex bottle (oven),2000.0,explicit_capacity_ml,2 l pyrex bottle (oven),Uncommon stated capacity retained; source verification recommended,1,0
vessel_volume_mL,20 mL test tube with inner vial (slow diffusion),Ambiguous,nested_vessel_capacity,20 ml test tube with inner vial (slow diffusion),Capacity cannot be assigned to one reaction vessel in nested/sequential apparatus,1,0
vessel_volume_mL,3-dram scintillation vial,Ambiguous,unspecified_imperial_volume,3-dram scintillation vial,Imperial/US customary size without explicit mL equivalent; convention not assumed,1,0
vessel_volume_mL,30 L glass reaction vessel,30000.0,explicit_capacity_ml,30 l glass reaction vessel,Uncommon stated capacity retained; source verification recommended,1,0
vessel_volume_mL,30 L reactor (reflux),30000.0,explicit_capacity_ml,30 l reactor (reflux),Uncommon stated capacity retained; source verification recommended,0,1
vessel_volume_mL,30 mL Teflon vessel sealed in glass vial,Ambiguous,nested_vessel_capacity,30 ml teflon vessel sealed in glass vial,Capacity cannot be assigned to one reaction vessel in nested/sequential apparatus,1,0
vessel_volume_mL,4 mL glass vial placed inside 20 mL vial (vapor diffusion),Ambiguous,nested_vessel_capacity,4 ml glass vial placed inside 20 ml vial (vapor diffusion),Capacity cannot be assigned to one reaction vessel in nested/sequential apparatus,1,0
vessel_volume_mL,4 mL scintillation vials; crystallization in 20 mL vial,Ambiguous,nested_vessel_capacity,4 ml scintillation vials; crystallization in 20 ml vial,Capacity cannot be assigned to one reaction vessel in nested/sequential apparatus,1,0
vessel_volume_mL,5 L glass reactor,5000.0,explicit_capacity_ml,5 l glass reactor,Uncommon stated capacity retained; source verification recommended,1,0
vessel_volume_mL,Erlenmeyer (2 L) with condenser,2000.0,explicit_capacity_ml,erlenmeyer (2 l) with condenser,Uncommon stated capacity retained; source verification recommended,1,0
vessel_volume_mL,Glass reactor with reflux condenser (100 L),100000.0,explicit_capacity_ml,glass reactor with reflux condenser (100 l),Uncommon stated capacity retained; source verification recommended,1,0
vessel_volume_mL,Glass reactor with reflux condenser (5 L),5000.0,explicit_capacity_ml,glass reactor with reflux condenser (5 l),Uncommon stated capacity retained; source verification recommended,1,0
vessel_volume_mL,KCF-2 autoclave (3 L),3000.0,explicit_capacity_ml,kcf-2 autoclave (3 l),Uncommon stated capacity retained; source verification recommended,1,0
vessel_volume_mL,Teflon beaker for gel prep; glass test tube for gel diffusion,Ambiguous,nested_vessel_capacity,teflon beaker for gel prep; glass test tube for gel diffusion,Capacity cannot be assigned to one reaction vessel in nested/sequential apparatus,1,0
vessel_volume_mL,Teflon container (5 L),5000.0,explicit_capacity_ml,teflon container (5 l),Uncommon stated capacity retained; source verification recommended,1,0
vessel_volume_mL,Teflon vessel (50 mL) in autoclave,Ambiguous,nested_vessel_capacity,teflon vessel (50 ml) in autoclave,Capacity cannot be assigned to one reaction vessel in nested/sequential apparatus,1,0
vessel_volume_mL,Teflon vial in autoclave,Ambiguous,nested_vessel_capacity,teflon vial in autoclave,Capacity cannot be assigned to one reaction vessel in nested/sequential apparatus,1,0
vessel_volume_mL,Teflon vial sealed in stainless steel autoclave,Ambiguous,nested_vessel_capacity,teflon vial sealed in stainless steel autoclave,Capacity cannot be assigned to one reaction vessel in nested/sequential apparatus,1,0
vessel_volume_mL,Teflon-lined autoclave (80 mL) with 25×40 mm vial inside; NaOH solution (2 mL H2O + 2 mL EtOH) at bottom when used,Ambiguous,nested_vessel_capacity,teflon-lined autoclave (80 ml) with 25 x 40 mm vial inside; naoh solution (2 ml h2o + 2 ml etoh) at bottom when used,Capacity cannot be assigned to one reaction vessel in nested/sequential apparatus,1,0
vessel_volume_mL,Teflon-lined autoclave (glass vial inside),Ambiguous,nested_vessel_capacity,teflon-lined autoclave (glass vial inside),Capacity cannot be assigned to one reaction vessel in nested/sequential apparatus,1,0
vessel_volume_mL,air oven,Not reported,no_identified_vessel,air oven,"Description specifies equipment/operation, not an identifiable reaction vessel",1,0
vessel_volume_mL,closed 1 L reactor,1000.0,explicit_capacity_ml,closed 1 l reactor,Uncommon stated capacity retained; source verification recommended,1,0
vessel_volume_mL,glass 2-dram vial,Ambiguous,unspecified_imperial_volume,glass 2-dram vial,Imperial/US customary size without explicit mL equivalent; convention not assumed,1,0
vessel_volume_mL,glass liner in Parr 4584 HT (5.5 L) autoclave,5500.0,explicit_capacity_ml,glass liner in parr 4584 ht (5.5 l) autoclave,Uncommon stated capacity retained; source verification recommended,1,0
vessel_volume_mL,glass vial (1 dram),Ambiguous,unspecified_imperial_volume,glass vial (1 dram),Imperial/US customary size without explicit mL equivalent; convention not assumed,1,0
vessel_volume_mL,glass vial (1.5-dram),Ambiguous,unspecified_imperial_volume,glass vial (1.5-dram),Imperial/US customary size without explicit mL equivalent; convention not assumed,1,0
vessel_volume_mL,glass vials (1-dram),Ambiguous,unspecified_imperial_volume,glass vials (1-dram),Imperial/US customary size without explicit mL equivalent; convention not assumed,1,0
vessel_volume_mL,"glass vials (2-dram for Zr6 solution; 1.5-dram for linker), sealed",Ambiguous,unspecified_imperial_volume,"glass vials (2-dram for zr6 solution; 1.5-dram for linker), sealed",Imperial/US customary size without explicit mL equivalent; convention not assumed,1,0
vessel_volume_mL,jar with inner vial,Ambiguous,nested_vessel_capacity,jar with inner vial,Capacity cannot be assigned to one reaction vessel in nested/sequential apparatus,1,0
vessel_volume_mL,liquid–liquid diffusion,Not reported,no_identified_vessel,liquid-liquid diffusion,"Description specifies equipment/operation, not an identifiable reaction vessel",1,0
vessel_volume_mL,lyophilizer (freeze dryer),Not reported,no_identified_vessel,lyophilizer (freeze dryer),"Description specifies equipment/operation, not an identifiable reaction vessel",1,0
vessel_volume_mL,medium bottle (5 L),5000.0,explicit_capacity_ml,medium bottle (5 l),Uncommon stated capacity retained; source verification recommended,1,0
vessel_volume_mL,microwave vial (Biotage 0.5–2 mL glass reactor),Ambiguous,range_or_alternative_capacity,microwave vial (biotage 0.5-2 ml glass reactor),"Range, alternative, or fraction is not reduced to an arbitrary scalar",0,1
vessel_volume_mL,oil bath,Not reported,no_identified_vessel,oil bath,"Description specifies equipment/operation, not an identifiable reaction vessel",1,0
vessel_volume_mL,sand bath in oven,Not reported,no_identified_vessel,sand bath in oven,"Description specifies equipment/operation, not an identifiable reaction vessel",1,0
vessel_volume_mL,screw-capped Erlenmeyer flask; divided into two 100 mL pressurized flasks,Ambiguous,nested_vessel_capacity,screw-capped erlenmeyer flask; divided into two 100 ml pressurized flasks,Capacity cannot be assigned to one reaction vessel in nested/sequential apparatus,1,0
vessel_volume_mL,"soak, static",Not reported,no_identified_vessel,"soak, static","Description specifies equipment/operation, not an identifiable reaction vessel",1,0
vessel_volume_mL,spray dryer (AF-88),Not reported,no_identified_vessel,spray dryer (af-88),"Description specifies equipment/operation, not an identifiable reaction vessel",1,0
vessel_volume_mL,test tube in sealed bottle (vapor diffusion),Ambiguous,nested_vessel_capacity,test tube in sealed bottle (vapor diffusion),Capacity cannot be assigned to one reaction vessel in nested/sequential apparatus,1,0
vessel_volume_mL,ultrasonic bath; oven,Not reported,no_identified_vessel,ultrasonic bath; oven,"Description specifies equipment/operation, not an identifiable reaction vessel",1,0
vessel_volume_mL,vial-in-vial diffusion,Ambiguous,nested_vessel_capacity,vial-in-vial diffusion,Capacity cannot be assigned to one reaction vessel in nested/sequential apparatus,1,0
