dataset,csv_data_row_1based,doi,stirring,vessel_type,temperature_c_text,time_text,washing_solvent,activation_text,value,detailed_value,consolidation_rule,rule,normalized_text,review_reason
positive,412,10.1021/acs.inorgchem.8b01241,reflux,glass flask,70 °C (reflux); crystallization at 277 K,preheated 2 h at 70 °C; refluxed 2 h; stood 15 h at 277 K,MeOH,120 °C under dynamic vacuum for 12 h,Not reported,Unclear / ambiguous,no_unique_supported_agitation_state,unresolved_nonempty_description,reflux,Heating or irradiation alone does not specify agitation.
positive,413,10.1021/acs.inorgchem.8b01241,reflux,glass flask in closed desiccator (vapor diffusion),70 °C (reflux); crystallization at RT in desiccator with diethyl ether,preheated 2 h at 70 °C; refluxed 2 h; settled 15 h (closed desiccator with Et2O),acetonitrile,120 °C under dynamic vacuum for 12 h,Not reported,Unclear / ambiguous,no_unique_supported_agitation_state,unresolved_nonempty_description,reflux,Heating or irradiation alone does not specify agitation.
positive,2068,10.1039/c4ta06820c,"centrifuged at 10,000 rpm",50 mL centrifuge flask,18 °C,1 min (centrifugation),methanol,100 °C overnight,Not reported,Unclear / ambiguous,no_unique_supported_agitation_state,unresolved_nonempty_description,"centrifuged at 10,000 rpm",Centrifugation alone does not establish a stirring or static state; its stage is not inferred.
positive,2069,10.1039/c4ta06820c,"centrifuged at 10,000 rpm",50 mL centrifuge flask,18 °C,2 min (centrifugation),methanol,100 °C overnight,Not reported,Unclear / ambiguous,no_unique_supported_agitation_state,unresolved_nonempty_description,"centrifuged at 10,000 rpm",Centrifugation alone does not establish a stirring or static state; its stage is not inferred.
positive,2070,10.1039/c4ta06820c,"centrifuged at 10,000 rpm",50 mL centrifuge flask,18 °C,5 min (centrifugation),methanol,100 °C overnight,Not reported,Unclear / ambiguous,no_unique_supported_agitation_state,unresolved_nonempty_description,"centrifuged at 10,000 rpm",Centrifugation alone does not establish a stirring or static state; its stage is not inferred.
positive,2071,10.1039/c4ta06820c,"centrifuged at 10,000 rpm",50 mL centrifuge flask,18 °C,10 min (centrifugation),methanol,100 °C overnight,Not reported,Unclear / ambiguous,no_unique_supported_agitation_state,unresolved_nonempty_description,"centrifuged at 10,000 rpm",Centrifugation alone does not establish a stirring or static state; its stage is not inferred.
positive,2072,10.1039/c4ta06820c,"centrifuged at 10,000 rpm",50 mL centrifuge flask,18 °C,15 min (centrifugation),methanol,100 °C overnight,Not reported,Unclear / ambiguous,no_unique_supported_agitation_state,unresolved_nonempty_description,"centrifuged at 10,000 rpm",Centrifugation alone does not establish a stirring or static state; its stage is not inferred.
positive,2073,10.1039/c4ta06820c,"centrifuged at 10,000 rpm",50 mL centrifuge flask,18 °C,30 min (centrifugation),methanol,100 °C overnight,Not reported,Unclear / ambiguous,no_unique_supported_agitation_state,unresolved_nonempty_description,"centrifuged at 10,000 rpm",Centrifugation alone does not establish a stirring or static state; its stage is not inferred.
positive,3727,10.1039/c7nr07949d,with or without stirring,,RT,,,,Not reported,Unclear / ambiguous,no_unique_supported_agitation_state,alternative_agitation_states,with or without stirring,"The extraction lists alternative agitation states, not a unique record-specific state."
positive,3755,10.1002/adma.201901570,agitated,,room temperature,15 min,water,,Agitated during preparation,Stirred during preparation,source_verified_method_stage;merge_nonsonication_methods_by_stage,source_review:10.1002/adma.201901570:explicit_preparation_agitation,agitated,
positive,5092,10.1039/d4gc01350f,"RPB 1500 rpm, then static",Rotating packed bed (RPB) reactor,room temperature (~25 °C),2 min in RPB (1500 rpm) + 30 min standing,"H2O, MeOH",70 °C for 12 h,Agitated before static synthesis,Rotated before static synthesis,source_verified_method_stage;merge_nonsonication_methods_by_stage,source_review:10.1039/d4gc01350f:method_and_explicit_static_stage,"rpb 1500 rpm, then static",
positive,5093,10.1039/d4gc01350f,500 rpm,stirred tank reactor (beaker),room temperature (~25 °C),stirred 30 min at 500 rpm (after mixing),"H2O, MeOH",70 °C for 12 h,Agitated during synthesis,Stirred during synthesis,source_verified_method_stage;merge_nonsonication_methods_by_stage,source_review:10.1039/d4gc01350f:explicit_reaction_stage_agitation,500 rpm,
positive,5094,10.1039/d4gc01350f,"RPB 1500 rpm, then static",Rotating packed bed (RPB) reactor,room temperature (~25 °C),2 min in RPB (1500 rpm) + 30 min standing,"H2O, MeOH",70 °C for 12 h,Agitated before static synthesis,Rotated before static synthesis,source_verified_method_stage;merge_nonsonication_methods_by_stage,source_review:10.1039/d4gc01350f:method_and_explicit_static_stage,"rpb 1500 rpm, then static",
positive,5095,10.1039/d4gc01350f,"RPB 1500 rpm, then static",Rotating packed bed (RPB) reactor,70 °C,2 min in RPB (1500 rpm) + 30 min standing,"H2O, MeOH",70 °C for 12 h,Agitated before static synthesis,Rotated before static synthesis,source_verified_method_stage;merge_nonsonication_methods_by_stage,source_review:10.1039/d4gc01350f:method_and_explicit_static_stage,"rpb 1500 rpm, then static",
positive,5096,10.1039/d4gc01350f,RPB 1500 rpm,Rotating packed bed (RPB) reactor,room temperature (~25 °C),~2 min in RPB (1500 rpm); product collected immediately,"H2O, MeOH",70 °C for 12 h,Agitated during synthesis,Rotated during synthesis,source_verified_method_stage;merge_nonsonication_methods_by_stage,source_review:10.1039/d4gc01350f:explicit_reaction_stage_agitation,rpb 1500 rpm,
positive,5097,10.1039/d4gc01350f,"RPB 1500 rpm, then static",Rotating packed bed (RPB) reactor,room temperature (~25 °C),2 min in RPB (1500 rpm) + 30 min standing,"H2O, MeOH",70 °C for 12 h,Agitated before static synthesis,Rotated before static synthesis,source_verified_method_stage;merge_nonsonication_methods_by_stage,source_review:10.1039/d4gc01350f:method_and_explicit_static_stage,"rpb 1500 rpm, then static",
positive,6042,10.1039/d1qi01562a,"vigorous for 1 h, then constant for 3 h",,room temperature,1 h (solution A) + 3 h after combining,"acetone, ethanol",120 °C under high vacuum for 4 h,Agitated during synthesis,Stirred during synthesis,source_verified_method_stage;merge_nonsonication_methods_by_stage,source_review:10.1039/d1qi01562a:explicit_reaction_stage_agitation,"vigorous for 1 h, then constant for 3 h",
positive,6043,10.1039/d1qi01562a,"vigorous for 1 h, then constant for 3 h",,room temperature,1 h (solution A) + 3 h after combining,"acetone, ethanol",120 °C under high vacuum for 4 h,Agitated during synthesis,Stirred during synthesis,source_verified_method_stage;merge_nonsonication_methods_by_stage,source_review:10.1039/d1qi01562a:explicit_reaction_stage_agitation,"vigorous for 1 h, then constant for 3 h",
positive,6677,10.1021/acs.inorgchem.1c03414,reflux,reflux apparatus,reflux at 120 °C,overnight,"DMF, MeOH","Soxhlet in MeOH, then 100 °C under vacuum overnight",Not reported,Unclear / ambiguous,no_unique_supported_agitation_state,unresolved_nonempty_description,reflux,Heating or irradiation alone does not specify agitation.
positive,6770,10.1021/ic402198a,rotated (1.1 kHz MAS),PEEK screw-cap insert inside 7 mm MAS rotor (zirconia),130 °C,≥30 min at 130 °C (NH2-MOF-235 forms rapidly; transforms to NH2-MIL-101 after ~25–30 min; monitored up to 108 min),,,Agitated during synthesis,Rotated during synthesis,source_verified_method_stage;merge_nonsonication_methods_by_stage,source_review:10.1021/ic402198a:explicit_reaction_stage_agitation,rotated (1.1 khz mas),
positive,9400,10.1039/c4ta02568g,vigorous 5 min before heating,sealed autoclave,120 °C,22 h,EtOH (60 mL at 60 °C),degassed at 110 °C overnight,Agitated during preparation,Stirred during preparation,source_verified_method_stage;merge_nonsonication_methods_by_stage,source_review:10.1039/c4ta02568g:explicit_preparation_agitation,vigorous 5 min before heating,
positive,9401,10.1039/c4ta02568g,vigorous 5 min before heating,sealed autoclave,120 °C,22 h,EtOH (60 mL at 60 °C),degassed at 110 °C overnight,Agitated during preparation,Stirred during preparation,source_verified_method_stage;merge_nonsonication_methods_by_stage,source_review:10.1039/c4ta02568g:explicit_preparation_agitation,vigorous 5 min before heating,
positive,9402,10.1039/c4ta02568g,vigorous 5 min before heating,sealed autoclave,120 °C,22 h,EtOH (60 mL at 60 °C),degassed at 110 °C overnight,Agitated during preparation,Stirred during preparation,source_verified_method_stage;merge_nonsonication_methods_by_stage,source_review:10.1039/c4ta02568g:explicit_preparation_agitation,vigorous 5 min before heating,
positive,9403,10.1039/c4ta02568g,vigorous 5 min before heating,sealed autoclave,120 °C,22 h,EtOH (60 mL at 60 °C),degassed at 110 °C overnight,Agitated during preparation,Stirred during preparation,source_verified_method_stage;merge_nonsonication_methods_by_stage,source_review:10.1039/c4ta02568g:explicit_preparation_agitation,vigorous 5 min before heating,
positive,9405,10.1002/chem.201102357,dropwise addition under Ar,,"RT, under argon",dropwise addition; precipitates form instantaneously (addition ~1 mL/min),"MeOH, H2O",dried under vacuum,Not reported,Unclear / ambiguous,no_unique_supported_agitation_state,unresolved_nonempty_description,dropwise addition under ar,Reagent addition alone does not specify agitation.
positive,9406,10.1002/chem.201102357,dropwise addition under Ar,,"RT, under argon",dropwise addition; precipitates form instantaneously (addition ~1 mL/min),"MeOH, H2O",dried under vacuum,Not reported,Unclear / ambiguous,no_unique_supported_agitation_state,unresolved_nonempty_description,dropwise addition under ar,Reagent addition alone does not specify agitation.
positive,9407,10.1002/chem.201102357,dropwise addition under Ar,,"RT, under argon",dropwise addition; precipitates form instantaneously (addition ~1 mL/min),"MeOH, H2O",dried under vacuum,Not reported,Unclear / ambiguous,no_unique_supported_agitation_state,unresolved_nonempty_description,dropwise addition under ar,Reagent addition alone does not specify agitation.
positive,9408,10.1002/chem.201102357,dropwise addition under Ar,,"RT, under argon",dropwise addition of Fe(BF4)2 + bpac solution into K2[Pt(CN)4] solution; precipitates form instantaneously,"MeOH, H2O",dried under vacuum,Not reported,Unclear / ambiguous,no_unique_supported_agitation_state,unresolved_nonempty_description,dropwise addition under ar,Reagent addition alone does not specify agitation.
positive,9920,10.1021/cm103644b,microwave irradiation,microwave reactor,403 K,6 h,acetone,activated in boiling methanol overnight and stored at 373 K,Not reported,Unclear / ambiguous,no_unique_supported_agitation_state,unresolved_nonempty_description,microwave irradiation,Heating or irradiation alone does not specify agitation.
positive,11025,10.1039/c4ce00158c,ultrasonically stirred 15 min before heating,,95 °C,3 days,,,Sonicated during preparation,Sonicated during preparation,source_verified_method_stage,source_review:10.1039/c4ce00158c:explicit_preparation_agitation,ultrasonically stirred 15 min before heating,
positive,11026,10.1039/c4ce00158c,ultrasonically stirred 15 min before heating,,95 °C,3 days,,,Sonicated during preparation,Sonicated during preparation,source_verified_method_stage,source_review:10.1039/c4ce00158c:explicit_preparation_agitation,ultrasonically stirred 15 min before heating,
positive,11027,10.1039/c4ce00158c,ultrasonically stirred 15 min before heating,,95 °C,3 days,,,Sonicated during preparation,Sonicated during preparation,source_verified_method_stage,source_review:10.1039/c4ce00158c:explicit_preparation_agitation,ultrasonically stirred 15 min before heating,
positive,11028,10.1039/c4ce00158c,ultrasonically stirred 15 min before heating,,95 °C,3 days,,,Sonicated during preparation,Sonicated during preparation,source_verified_method_stage,source_review:10.1039/c4ce00158c:explicit_preparation_agitation,ultrasonically stirred 15 min before heating,
positive,11029,10.1039/c4ce00158c,ultrasonically stirred 15 min before heating,,95 °C,3 days,,,Sonicated during preparation,Sonicated during preparation,source_verified_method_stage,source_review:10.1039/c4ce00158c:explicit_preparation_agitation,ultrasonically stirred 15 min before heating,
positive,11030,10.1039/c4ce00158c,ultrasonically stirred 15 min before heating,,95 °C,3 days,,,Sonicated during preparation,Sonicated during preparation,source_verified_method_stage,source_review:10.1039/c4ce00158c:explicit_preparation_agitation,ultrasonically stirred 15 min before heating,
positive,11031,10.1039/c4ce00158c,ultrasonically stirred 15 min before heating,,95 °C,3 days,,,Sonicated during preparation,Sonicated during preparation,source_verified_method_stage,source_review:10.1039/c4ce00158c:explicit_preparation_agitation,ultrasonically stirred 15 min before heating,
positive,11032,10.1039/c4ce00158c,ultrasonically stirred 15 min before heating,,85 °C,3 days,,,Sonicated during preparation,Sonicated during preparation,source_verified_method_stage,source_review:10.1039/c4ce00158c:explicit_preparation_agitation,ultrasonically stirred 15 min before heating,
positive,11033,10.1039/c4ce00158c,ultrasonically stirred 15 min before heating,,85 °C,3 days,,,Sonicated during preparation,Sonicated during preparation,source_verified_method_stage,source_review:10.1039/c4ce00158c:explicit_preparation_agitation,ultrasonically stirred 15 min before heating,
positive,11329,10.1002/aoc.4062,vigorous,,room temperature,24 h,MeOH,dried at room temperature under vacuum overnight,Agitated during synthesis,Stirred during synthesis,source_verified_method_stage;merge_nonsonication_methods_by_stage,source_review:10.1002/aoc.4062:explicit_reaction_stage_agitation,vigorous,
positive,12767,10.1016/j.cattod.2015.08.030,vigorous,,room temperature,5 min,water,overnight in an oven at 80 °C,Agitated during synthesis,Stirred during synthesis,source_verified_method_stage;merge_nonsonication_methods_by_stage,source_review:10.1016/j.cattod.2015.08.030:explicit_reaction_stage_agitation,vigorous,
positive,13380,10.1016/j.matchemphys.2022.127039,"centrifuged at 10,000 rpm",50 mL centrifuge tube,RT,"1 min (centrifugation at 10,000 rpm)",MeOH,EtOH reflux 6 h; dried overnight at RT,Not reported,Unclear / ambiguous,no_unique_supported_agitation_state,unresolved_nonempty_description,"centrifuged at 10,000 rpm",Centrifugation alone does not establish a stirring or static state; its stage is not inferred.
positive,13381,10.1016/j.matchemphys.2022.127039,"centrifuged at 10,000 rpm",50 mL centrifuge tube,RT,"3 min (centrifugation at 10,000 rpm)",MeOH,EtOH reflux 6 h; dried overnight at RT,Not reported,Unclear / ambiguous,no_unique_supported_agitation_state,unresolved_nonempty_description,"centrifuged at 10,000 rpm",Centrifugation alone does not establish a stirring or static state; its stage is not inferred.
positive,13382,10.1016/j.matchemphys.2022.127039,"centrifuged at 10,000 rpm",50 mL centrifuge tube,RT,"5 min (centrifugation at 10,000 rpm)",MeOH,EtOH reflux 6 h; dried overnight at RT,Not reported,Unclear / ambiguous,no_unique_supported_agitation_state,unresolved_nonempty_description,"centrifuged at 10,000 rpm",Centrifugation alone does not establish a stirring or static state; its stage is not inferred.
positive,13383,10.1016/j.matchemphys.2022.127039,"centrifuged at 10,000 rpm",50 mL centrifuge tube,RT,"7 min (centrifugation at 10,000 rpm)",MeOH,EtOH reflux 6 h; dried overnight at RT,Not reported,Unclear / ambiguous,no_unique_supported_agitation_state,unresolved_nonempty_description,"centrifuged at 10,000 rpm",Centrifugation alone does not establish a stirring or static state; its stage is not inferred.
positive,13384,10.1016/j.matchemphys.2022.127039,"centrifuged at 10,000 rpm",50 mL centrifuge tube,RT,"10 min (centrifugation at 10,000 rpm)",MeOH,EtOH reflux 6 h; dried overnight at RT,Not reported,Unclear / ambiguous,no_unique_supported_agitation_state,unresolved_nonempty_description,"centrifuged at 10,000 rpm",Centrifugation alone does not establish a stirring or static state; its stage is not inferred.
positive,13385,10.1016/j.matchemphys.2022.127039,"centrifuged at 10,000 rpm",50 mL centrifuge tube,RT,"20 min (centrifugation at 10,000 rpm)",MeOH,EtOH reflux 6 h; dried overnight at RT,Not reported,Unclear / ambiguous,no_unique_supported_agitation_state,unresolved_nonempty_description,"centrifuged at 10,000 rpm",Centrifugation alone does not establish a stirring or static state; its stage is not inferred.
positive,14110,10.1016/j.inoche.2011.06.030,vigorous,,60 °C,rapid precipitation (time not stated),DMF,,Agitated during synthesis,Stirred during synthesis,source_verified_method_stage;merge_nonsonication_methods_by_stage,source_review:10.1016/j.inoche.2011.06.030:explicit_reaction_stage_agitation,vigorous,
positive,14111,10.1016/j.inoche.2011.06.030,vigorous,,90 °C,"~10 s to precipitate, then additional 30 s stirring",DMF,,Agitated during synthesis,Stirred during synthesis,source_verified_method_stage;merge_nonsonication_methods_by_stage,source_review:10.1016/j.inoche.2011.06.030:explicit_reaction_stage_agitation,vigorous,
positive,14112,10.1016/j.inoche.2011.06.030,vigorous,,90 °C,rapid precipitation (time not stated),DMF,,Agitated during synthesis,Stirred during synthesis,source_verified_method_stage;merge_nonsonication_methods_by_stage,source_review:10.1016/j.inoche.2011.06.030:explicit_reaction_stage_agitation,vigorous,
positive,14702,10.1016/j.matchemphys.2025.130363,vigorous,,room temperature (RT),1 h,MeOH,oven-dried at 80 °C for 24 h,Agitated during synthesis,Stirred during synthesis,source_verified_method_stage;merge_nonsonication_methods_by_stage,source_review:10.1016/j.matchemphys.2025.130363:explicit_reaction_stage_agitation,vigorous,
negative,12960,10.1016/j.inoche.2011.06.030,vigorous,,90 °C,"~10 s to precipitate, then additional 30 s stirring",DMF,,Agitated during synthesis,Stirred during synthesis,source_verified_method_stage;merge_nonsonication_methods_by_stage,source_review:10.1016/j.inoche.2011.06.030:explicit_reaction_stage_agitation,vigorous,
negative,12961,10.1016/j.inoche.2011.06.030,vigorous,,90 °C,"~10 s to precipitate, then additional 30 s stirring",DMF,,Agitated during synthesis,Stirred during synthesis,source_verified_method_stage;merge_nonsonication_methods_by_stage,source_review:10.1016/j.inoche.2011.06.030:explicit_reaction_stage_agitation,vigorous,
negative,12962,10.1016/j.inoche.2011.06.030,vigorous,,90 °C,"~10 s to precipitate, then additional 30 s stirring",DMF,,Agitated during synthesis,Stirred during synthesis,source_verified_method_stage;merge_nonsonication_methods_by_stage,source_review:10.1016/j.inoche.2011.06.030:explicit_reaction_stage_agitation,vigorous,
negative,12963,10.1016/j.inoche.2011.06.030,vigorous,,90 °C,"~10 s to precipitate, then additional 30 s stirring",DMF,,Agitated during synthesis,Stirred during synthesis,source_verified_method_stage;merge_nonsonication_methods_by_stage,source_review:10.1016/j.inoche.2011.06.030:explicit_reaction_stage_agitation,vigorous,
negative,12964,10.1016/j.inoche.2011.06.030,vigorous,,90 °C,"~10 s to precipitate, then additional 30 s stirring",DMF,,Agitated during synthesis,Stirred during synthesis,source_verified_method_stage;merge_nonsonication_methods_by_stage,source_review:10.1016/j.inoche.2011.06.030:explicit_reaction_stage_agitation,vigorous,
negative,12965,10.1016/j.inoche.2011.06.030,vigorous,,90 °C,"~10 s to precipitate, then additional 30 s stirring",DMF,,Agitated during synthesis,Stirred during synthesis,source_verified_method_stage;merge_nonsonication_methods_by_stage,source_review:10.1016/j.inoche.2011.06.030:explicit_reaction_stage_agitation,vigorous,
negative,12966,10.1016/j.inoche.2011.06.030,vigorous,,90 °C,"~10 s to precipitate, then additional 30 s stirring",DMF,,Agitated during synthesis,Stirred during synthesis,source_verified_method_stage;merge_nonsonication_methods_by_stage,source_review:10.1016/j.inoche.2011.06.030:explicit_reaction_stage_agitation,vigorous,
negative,12967,10.1016/j.inoche.2011.06.030,vigorous,,90 °C,"~10 s to precipitate, then additional 30 s stirring",DMF,,Agitated during synthesis,Stirred during synthesis,source_verified_method_stage;merge_nonsonication_methods_by_stage,source_review:10.1016/j.inoche.2011.06.030:explicit_reaction_stage_agitation,vigorous,
