raw_vessel_type,positive_count,negative_count
,2339,1788
Teflon-lined autoclave,1580,1360
Teflon-lined stainless steel autoclave,358,206
glass vial,295,266
Teflon-lined autoclave (23 mL),190,351
Teflon-lined autoclave (25 mL),264,238
Teflon-lined stainless steel vessel,219,282
Pyrex tube (15 mL),8,480
Teflon-lined stainless steel autoclave (25 mL),124,285
25 mL Teflon-lined stainless steel vessel,101,259
autoclave,117,236
glass tube (sealed),24,290
glass tube,61,242
Teflon-lined autoclave (15 mL),205,83
25 mL Teflon-lined stainless steel autoclave,135,152
sealed glass tube,24,202
25 mL Teflon-lined autoclave,127,84
Teflon-lined stainless steel vessel (25 mL),94,116
20 mL glass vial,122,76
23 mL Teflon-lined autoclave,78,120
20 mL vial,120,62
15 mL glass vial,91,87
Teflon-lined autoclave (18 mL),33,144
23 mL Teflon-lined stainless steel autoclave,42,125
Pyrex glass vessel (100 mL),5,151
23 mL Teflon-lined stainless-steel autoclave,29,123
20 mL scintillation vial,114,37
Teflon-lined autoclave (20 mL),95,49
Teflon-lined stainless steel container,78,60
Pyrex vial,109,27
test tube,53,82
Teflon-lined stainless steel autoclave (23 mL),68,60
Parr Teflon-lined stainless steel autoclave (15 mL),0,121
6-dram glass vial,63,55
"Teflon-lined autoclave, 23 mL",19,99
Teflon-lined steel autoclave,76,33
screw-capped vial,40,66
Teflon-lined autoclave (100 mL),87,16
round-bottom flask,65,37
Teflon-lined stainless-steel autoclave,63,33
15 mL PTFE-lined stainless steel vessel (autogenous pressure),9,86
Teflon-lined stainless steel autoclave (15 mL),34,58
Pyrex sample tube (microwave synthesizer),17,72
10 mL glass vial,58,30
glass vessel (autogenous pressure),2,86
Teflon-lined stainless autoclave (25 mL),27,56
20 mL Pyrex vial,37,44
4 mL glass vial,33,48
Teflon-lined autoclave (30 mL),13,66
10 mL beaker,12,66
23 mL PTFE-lined stainless steel autoclave,24,54
25 mL Teflon-lined bomb,13,63
Teflon-lined stainless steel reactor (25 mL),16,57
glass vial (sealed),43,30
Teflon-lined stainless steel autoclave (20 mL),45,24
Teflon reactor (15 mL),49,16
Teflon-lined steel autoclave (22 mL),2,63
25 mL Teflon-lined stainless steel container,38,26
10 mL glass bottle,10,51
glass test tube (layered diffusion),10,51
vial,35,26
16 mL glass vial,37,23
capped vial,48,12
"Teflon-lined autoclave, 25 mL",19,40
screw cap vial,27,32
glass scintillation vial,15,42
Teflon-lined stainless-steel autoclave (25 mL),11,44
PTFE-lined autoclave,37,17
Teflon-lined autoclave (50 mL),42,11
screw-cap reaction tube,33,20
20 mL Teflon-lined stainless steel vessel,9,43
23 mL Teflon-lined stainless steel vessel,46,5
Parr autoclave with 23 mL Teflon liner,3,48
Teflon-lined autoclave (100 mL liner),12,39
Teflon-lined stainless steel vessel (20 mL),23,28
HT Teflon insert (2.0 mL),2,48
scintillation vial,33,16
Teflon reactor (20 mL),48,0
Teflon-sealed screw cap glass vessel (100 mL),2,46
beaker,25,23
15 mL Teflon-lined reactor,8,39
5 mL Teflon vial,0,47
16 mL Teflon-lined stainless steel container,29,17
round-bottom flask (reflux),33,13
Teflon-lined digestion bomb (23 mL),13,32
Teflon-lined stainless steel vessel (30 mL),4,41
15-mL Teflon-lined stainless-steel container,36,7
"20 mL glass scintillation vials, Teflon-lined caps",10,33
10 mL Pyrex glass tube (sealed),13,29
15 mL Teflon-lined stainless steel vessel,24,18
15-mL scintillation vial,9,33
Teflon-lined stainless steel vessel (15 mL),39,3
20 mL Teflon-lined stainless steel autoclave,21,19
25 mL Teflon-lined stainless steel bomb (Teflon-lined autoclave),3,36
25 mL screw-top glass jar,14,25
glass beaker,34,5
glass bottle,28,11
100 mL beaker,8,30
20 mL scintillation vial (Teflon-lined cap),19,19
50 mL screw cap glass bottle,12,26
Teflon-lined stainless steel vessel (23 mL),7,31
Teflon-lined steel autoclave (100 mL),37,1
15 mL Teflon-lined stainless steel autoclave,21,16
20 mL Teflon-lined autoclave,21,16
Pyrex heat-resistant glass bottle,2,35
Teflon vial (2 mL) in HT reactor block,2,35
"Teflon-lined stainless steel autoclave, 25 mL",9,28
glass vial (10 mL),30,7
screw cap vials,4,33
10 mL Pyrex glass tube,14,22
"glass scintillation vial, tightly capped",6,30
PTFE-lined stainless steel autoclave,15,20
Teflon-lined autoclave (40 mL),33,2
Teflon-lined bomb,7,28
Teflon-lined steel autoclave (50 mL),35,0
sealed glass vial,22,13
100 mL glass bottle,1,33
23 mL glass vial,20,14
5 mL glass vial,19,15
Pyrex tube,29,5
Teflon-lined stainless steel autoclave (45 mL),7,27
sealed vial,30,4
stainless-steel reactor (20 mL),3,31
15 mL screw-cap reaction tube,21,12
20 mL Teflon-lined stainless steel container,22,11
50 mL Teflon-lined stainless-steel autoclave,33,0
Parr Teflon-lined stainless steel vessel (15 mL),32,1
"Teflon-lined stainless steel autoclave (Parr), 25 mL",5,28
glass vial (5 mL),17,16
Teflon reactor (4 mL screw-capped vial inside),10,22
Teflon-lined stainless steel vessel (12 mL),10,22
23 mL Teflon-lined stainless steel reactor,15,16
50 mL Pyrex reagent jar,4,27
Teflon-lined Parr acid digestion vessel (Model 4744; 45 mL),5,26
Teflon-lined stainless steel autoclave (100 mL),29,2
Teflon-lined stainless steel autoclave (16 mL),21,10
autoclave (25 mL),9,22
10 mL scintillation vial,28,2
100 mL Teflon-lined autoclave,22,8
23 mL Teflon-lined Parr autoclave,18,12
23-mL Teflon-lined Parr autoclave,2,28
30 mL Teflon-lined steel autoclave,2,28
Teflon-lined 23 mL Parr acid digestion bomb,6,24
Teflon-lined stainless steel reactor,25,5
capped glass vial,7,23
non-pressurised scintillation vial,6,24
parr Teflon-lined stainless steel vessel (23 mL),4,26
20 mL Teflon-lined stainless autoclave,21,8
20 mL glass vial with Teflon-lined screw cap,1,28
23 mL Teflon-lined Parr bomb,5,24
25 mL PYREX reagent bottle,11,18
Teflon-lined stainless-steel autoclave (23 mL),20,9
23 mL Teflon-lined digestion bomb,13,15
5 mL vial,16,12
Pyrex glass tube (sealed),7,21
Pyrex tube (sealed),11,17
Teflon-lined autoclave (45 mL liner),27,1
Teflon-lined reactor,18,10
100 mL Teflon-lined stainless steel autoclave,21,6
15 mL Teflon-lined autoclave,13,14
Teflon-capped glass flask,7,20
six-dram glass vial,5,22
4 mL Teflon-lined stainless-steel container,9,17
45 mL Teflon-lined reactor,0,26
50 mL flask,11,15
Schott Duran glass culture tube (GL-14),0,26
Teflon-lined acid digestion bomb (43 mL),19,7
Teflon-lined autoclave (Parr bomb),0,26
Teflon-lined steel Parr autoclave (23 mL),3,23
sealed glass tube (10 mL),5,21
1.5 mL Eppendorf tubes,1,24
50 mL Pyrex jar,16,9
Teflon-lined reactor (15 mL),15,10
Teflon-lined stainless autoclave,24,1
glass vial (screw cap),3,22
sealed 10 mL glass vessel,21,4
sealed 12 mm diameter glass test tube,3,22
20 mL glass vial (sealed),18,6
30 mL DURAN glass bottle,5,19
48 mL Synthware heavy-wall pressure vessel (round-bottom),13,11
8-dram vial,21,3
"Pyrex tube (10 mL), sealed",24,0
Teflon round bottom flask,4,20
Teflon-lined Parr bomb,6,18
Teflon-lined autoclave (43 mL PTFE liner),3,21
Teflon-lined digestion bomb,20,4
block heater,0,24
glass vial (4 mL),4,20
100 mL Teflon-lined steel autoclave,16,7
18 mL Teflon-lined autoclave,4,19
23 mL polypropylene container,16,7
4 mL scintillation vial,5,18
Schott Duran glass culture tube (5 mL),5,18
Teflon reactor,23,0
Teflon-lined autoclave (10 mL),23,0
Teflon-lined autoclave (80 mL) with 25×40 mm vial inside,18,5
flask (oil bath),3,20
glass Petri dish in desiccator,5,18
microwave reaction vial,1,22
reflux setup,19,4
100 mL glass bottle (sealed with PTFE tape),21,1
15-mL Teflon-lined stainless autoclave,1,21
2 mL Teflon insert (HT reactor),5,17
25 mL Teflon-lined stainless-steel autoclave,17,5
6-dram scintillation vial,14,8
Teflon insert of a steel autoclave,3,19
autoclave with 50 mL glass liner,1,21
15 mL high-pressure vessel (oil bath),1,20
15-mL Teflon-lined autoclave,21,0
20 mL scintillation vial (sealed),11,10
22 mL glass bottle,21,0
250-mL screw cap jar,4,17
50 mL PYREX reagent bottle,19,2
50 mL round-bottom flask,14,7
8 dram glass vial,21,0
Teflon-lined Parr acid digestion bomb,8,13
"Teflon-lined stainless steel autoclave (Parr, 25 mL)",8,13
Teflon-lined stainless steel vessel (autoclave),14,7
20-mL glass vial (capped),4,16
24-reactor multiclave (2 mL reactors),1,19
4 mL vial,13,7
Parr Teflon-lined stainless steel vessel (25 mL),18,2
Teflon-lined autoclave (20 mL Teflon vessel),14,6
Teflon-lined stainless-steel reactor (autoclave),4,16
Teflon-lined stainless-steel vessel (25 mL),11,9
borosilicate glass reagent bottle (screw cap),14,6
glass vessel (20 mL),5,15
glass vial (20 mL),20,0
microwave vessel,2,18
sealed vessel,12,8
stainless steel vessel (20 mL),4,16
tightly capped glass vial,4,16
11 mL crimp cap vial in preheated copper block,3,16
12 mL glass scintillation vial,2,17
20 mL Teflon-capped glass vial,5,14
25 mL Pyrex jar,19,0
5 mL scintillation vial,11,8
Teflon-lined autoclave (microwave heating),1,18
Teflon-lined stainless steel (20 mL) container,7,12
Teflon-lined stainless steel bomb,14,5
Teflon-lined stainless steel vessel (25 mL autoclave),1,18
Teflon-lined stainless-steel autoclave (18 mL),1,18
"borosilicate culture tube (Schott DURAN), screw cap",18,1
14 mL glass vial,0,18
25 mL glass vial (sealed),8,10
PTFE-lined stainless steel autoclave (23 mL),17,1
Teflon-lined autoclave (23 mL PTFE-lined stainless steel container),2,16
Teflon-lined autoclave (25 mL Teflon bomb),3,15
Teflon-lined digestion bomb (43 mL),4,14
Teflon-lined stainless steel autoclave (30 mL),8,10
Teflon-lined stainless-steel autoclave (20 mL),12,6
autoclavable 8 mL vial,3,15
mortar and pestle (grind 15 min); autoclave (bake),0,18
"pressure-resistant glass bottle, 10 mL",2,16
screw jar,18,0
sealed tube,7,11
1 L round-bottom flask with reflux condenser,2,15
13 mL Teflon-lined stainless steel autoclave,5,12
20 mL microwave vial,6,11
20 mL scintillation vial with Teflon-lined cap,6,11
5 mL Pyrex vial,4,13
50 mL Teflon-lined steel autoclave,1,16
Teflon-lined autoclave (23 mL stainless steel reactor with Teflon liner),1,16
Teflon-lined autoclave (Vmax = 2 mL),0,17
Teflon-lined stainless steel autoclave (two-chamber),17,0
Teflon-lined steel vessel,12,5
glass flask,11,6
glass reactor with screw cap (100 mL),5,12
"glass vial, 21 mL",5,12
round flask,6,11
"1.5 dram glass vial (oven, crystallization dish)",3,13
100 mL capped glass jar,16,0
20 mL Teflon screw-capped Duran Pyrex tube,6,10
23 mL PTFE-lined steel autoclave,7,9
25 mL Teflon-lined stainless steel autoclave (Parr bomb),1,15
"25 mL reaction jar (PBT cap, PTFE seal)",10,6
30 mL Teflon-lined stainless steel autoclave,2,14
"30 mL test tube, sealed",4,12
40 mL glass vial,4,12
40 mL glass vial with PTFE septum,9,7
500 mL Erlenmeyer flask,1,15
60-mL Teflon-sealed microwave reactor,16,0
Pyrex glass reaction tube,11,5
Teflon insert sealed in steel autoclave,4,12
Teflon-lined Parr autoclave,14,2
Teflon-lined autoclave (22 mL),7,9
Teflon-lined glass vial,4,12
closed vessel,5,11
glass container placed in a stainless-steel autoclave,10,6
"glass vial (open, 20 mL)",0,16
microwave reactor,16,0
microwave vial (35 mL),6,10
round-bottomed flask (oil bath),2,14
sealed Pyrex glass tube,8,8
15 mL glass bottle (sealed),5,10
20 mL Teflon-lined stainless-steel reactor,8,7
20 mL glass bottle,9,6
20 mL vial with Teflon-lined cap,10,5
23 mL Teflon-lined Parr acid digestion bomb,15,0
23-mL Teflon-lined autoclave,13,2
"250 mL glass volumetric flask, loosely capped with glass stopper",15,0
Pyrex bottle,3,12
Pyrex glass reaction tube (7 mL),4,11
Teflon-lined autoclave; glass vial,4,11
Teflon-lined steel autoclave (37 mL),1,14
"microwave glass reactor (glass tube, 3 mL)",0,15
modified H-shaped diffusion tube (four arms),6,9
reaction tube,3,12
sealed bottle,9,6
sealed vial (oil bath),3,12
single tube (layered solutions),3,12
10 mL vial in 100 mL high-pressure autoclave (sapphire windows),4,10
25 mL glass vial,14,0
4 mL borosilicate vial,0,14
50 mL conical centrifuge tube,4,10
50 mL glass vial,8,6
50 mL round-bottom flask with reflux condenser,2,12
Parr Teflon-lined stainless steel vessel (20 mL),8,6
Teflon-capped glass jar,1,13
Teflon-lined 23 mL Parr stainless steel autoclave,5,9
"Teflon-lined stainless steel autoclave (Parr), 20 mL",4,10
Teflon-lined stainless-steel vessel,13,1
glass pressure vessel,6,8
glass vial inside sealed glass jar placed in a metal tube (autogenous pressure),5,9
heavy-walled Pyrex tube (sealed under vacuum),0,14
hydrothermal vessel,6,8
preheated counter-current flow reactor,3,11
round bottom flask,12,2
screw-capped glass vial,2,12
sealed glass bottle,7,7
two-necked flask,14,0
vapor diffusion setup (sealed vial),1,13
10 mL Teflon-lined autoclave,13,0
15 mL Pyrex tube,3,10
20 mL pyrex vial,5,8
25 mL Pyrex vial,2,11
500 mL GL32 glass bottle,0,13
"Duran glass bottle (25 mL), sealed",2,11
Teflon autoclave,7,6
"Teflon reactor, 23 mL",2,11
Teflon-lined 25 mL autoclave,13,0
Teflon-lined autoclave (2 mL HT reactor insert),1,12
Teflon-lined autoclave (2 mL insert in steel reactor),7,6
Teflon-lined autoclave (23 cm3),1,12
Teflon-lined autoclave (27 mL liner),1,12
"Teflon-lined autoclave (Parr, 20 mL), sealed in stainless-steel vessel",1,12
Teflon-lined multiclave reactor (2 mL),2,11
Teflon-lined reactor (24 mL),1,12
Teflon-lined stainless steel autoclave (50 mL),13,0
Teflon-lined stainless steel autoclave (80 mL),13,0
Teflon-lined stainless-steel autoclave (15 mL),13,0
Teflon-lined steel bomb,13,0
Teflon-lined vessel (12 mL),5,8
Teflon-walled stainless steel autoclave,5,8
borosilicate Schott DURAN vessel (250 mL),13,0
glass vial (50 mL),11,2
glass vial (screw-cap),0,13
"glass vial, 1.5-dram",6,7
pressure tube,5,8
pressure-resistant glass tube,9,4
reflux apparatus,7,6
"sealed tube (type A, Ace)",1,12
three-necked round-bottom flask with reflux condenser,7,6
100 mL Teflon-lined stainless-steel autoclave,12,0
12 mL borosilicate glass vial with PTFE-lined cap,1,11
17 mL Teflon-lined autoclave,12,0
2 mL Teflon insert (high-throughput reactor),1,11
20 mL glass scintillation vial (sealed),12,0
23 mL Teflon container in autoclave,0,12
25 mL Schott glass bottle (capped),0,12
25 mL beaker,10,2
40 mL glass vial (tightly capped),2,10
5-dram screw-capped vial,0,12
6 mL screw-capped vial,4,8
DURAN laboratory bottle,12,0
Teflon reactor (0.25 mL),1,11
Teflon vessel,11,1
Teflon vessel in a steel autoclave,12,0
Teflon-lined autoclave (100 mL liner in metallic bomb),4,8
Teflon-lined autoclave (17 mL),12,0
Teflon-lined autoclave (48 mL),12,0
Teflon-lined autoclave (multiclave),3,9
Teflon-lined stainless steel autoclave (150 mL),11,1
closed glass reactor (100 mL),1,11
"glass vial (20 mL, sealed)",4,8
glass vials (1 dram; solution initially in 8 dram vial),4,8
screwcap test tube,4,8
sealed 7 mL Duran borosilicate glass tube,12,0
stainless-steel autoclave (25 mL),0,12
100 mL Teflon-capped glass flask,10,1
100 mL capped vial,3,8
13 mL Teflon-lined stainless steel vessel,4,7
20 mL PTFE-lined stainless steel autoclave,4,7
45 mL Teflon-lined stainless steel autoclave,10,1
5 mL glass tube (oven),2,9
Parr Teflon-lined stainless steel vessel,11,0
Teflon-lined acid digestion bomb,1,10
Teflon-lined autoclave (25 mL stainless steel reactor),7,4
Teflon-lined autoclave (PTFE liner),1,10
Teflon-lined stainless steel autoclave (10 mL),11,0
"Teflon-lined steel bomb (autoclave), autogenous pressure",1,10
autoclavable glass bottle (50 mL),6,5
crystal tube,11,0
glass flask (reflux),5,6
liquid diffusion (layering),5,6
microwave vial (10 mL) with Teflon-lined cap,3,8
10 mL Pyrex vial,1,9
100 mL round-bottomed flask,7,3
15 mL screw-cap vial,10,0
15-mL Teflon-lined reactor,9,1
25 mL Parr Teflon-lined stainless steel autoclave,1,9
25 mL Teflon-lined stainless-steel container,10,0
3-dram glass vial,1,9
30 mL sealed vial,10,0
50 mL Pyrex conical flask,4,6
50 mL plastic tube,10,0
500 mL round-bottom flask,3,7
"500 mL round-bottom flask with reflux condenser (open system), oil bath",1,9
Pyrex heat-resistant glass bottle (sealed),10,0
Teflon-capped glass vial,5,5
Teflon-lined Parr vessel,3,7
Teflon-lined autoclave (23 mL Teflon cup),8,2
Teflon-lined bomb (25 mL),7,3
Teflon-lined bomb reactor,4,6
"Teflon-lined stainless steel container, 16 mL",10,0
borosilicate glass tube (5 mL) with PBT cap/PTFE seal,3,7
glass vessel (25 mL),5,5
glass vials (10 mL),3,7
microwave vial (30 mL glass vial),1,9
"microwave vial (Biotage Initiator, 2–5 mL)",7,3
"microwave vial, Teflon vessel",0,10
reaction vessel,0,10
round-bottomed flask (50 mL),1,9
sealable glass vial,4,6
"stainless steel autoclave, 25 mL",4,6
10 mL vial with screw cap,9,0
100 mL Teflon-lined Parr autoclave,1,8
120 mL Teflon-lined Parr bomb (autoclave),9,0
120 mL Teflon-lined autoclave (Parr bomb),9,0
15 mL Teflon-lined stainless steel reactor,9,0
2-dram screw-cap vial,6,3
20 mL vial (capped),1,8
22 mL borosilicate vial with Teflon-lined cap,6,3
23 mL PTFE-lined stainless steel autoclave (Teflon-lined),0,9
23 mL glass scintillation vial,9,0
25 mL acid-digestion bomb,9,0
250 mL round-bottom flask (oil bath),7,2
3 mL borosilicate glass tube (sealed),2,7
5 mL glass reactor,9,0
50 mL Schlenk flask,4,5
50 mL Teflon-lined stainless steel autoclave,7,2
7 mL vial,9,0
Teflon-capped glass vial (500 mL),1,8
Teflon-lined Parr acid digestion vessel (23 mL),3,6
Teflon-lined Parr reactor (100 mL),9,0
Teflon-lined autoclave (20 mL liner in stainless-steel autoclave),9,0
Teflon-lined autoclave (Parr),6,3
Teflon-lined stainless steel vessel; then glass test tube for layering,1,8
bath-reactor,9,0
glass culture tube (5 mL Schott Duran) with PBT cap and PTFE seal,7,2
glass vessel,9,0
"glass vial (1.5-dram), sealed",6,3
glass vial (20 mL) with Teflon cap,9,0
glass vial (23 mL),8,1
"glass vial (8 mL), screw cap",2,7
hydrothermal autoclave,3,6
long 20 mL glass vial,6,3
screw cap glass tube,4,5
screw-cap vial,4,5
sealed autoclave,9,0
sealed vial (pre-treatment),2,7
silanized 20 mL glass vial,9,0
small capped vial,1,8
small test tube (liquid diffusion layering),3,6
stainless steel autoclave,9,0
stainless steel autoclave (Büchi Versoclave Type 3E),9,0
1.5 dram glass vial,2,6
100 mL Schott bottle,7,1
"100 mL glass flask, Teflon-capped",7,1
15 mL Pyrex glass tube,8,0
20 mL glass bottle (PTFE-lined cap),2,6
20 mL glass reactor (microwave),2,6
20 mL glass scintillation vial,8,0
23 mL Teflon-lined stainless steel container,8,0
23 mL Teflon-lined steel Parr autoclave,3,5
25 mL Teflon-lined autoclave (Parr),8,0
25 mL Teflon-lined autoclaved stainless steel vessel,4,4
25 mL Teflon-lined stainless autoclave,8,0
30 mL screw-capped glass vial with a Teflon-coated rubber seal,4,4
50 mL beaker,8,0
8 dram glass vial (oil bath),1,7
PTFE-lined stainless-steel vessel,8,0
Parr 5500 reactor vessel,8,0
Parr Teflon-lined stainless steel vessel (Teflon-lined autoclave),3,5
Teflon-lined Parr bomb (23 mL),0,8
Teflon-lined acid digestion autoclave,8,0
Teflon-lined autoclave (10 mL Teflon bomb),2,6
"Teflon-lined autoclave (100 mL), rotating crystallization reactor",8,0
Teflon-lined autoclave (50 mL Teflon vessel),7,1
Teflon-lined stainless steel autoclave (40 mL),7,1
"Teflon-lined stainless steel autoclave, 50 mL",8,0
autoclave (30 mL total volume),1,7
flask,8,0
flask bottle,8,0
glass scintillation vial with Teflon-lined cap,4,4
glass vial (20 mm diameter),1,7
"pressure-resistant tube (PTFE-capped), 48 mL",8,0
reactor (15 mL),8,0
round-bottom flask (10 mL),1,7
screw top vial,3,5
sealed 20 mL vial,2,6
sealed 50 mL glass reactor,4,4
sealed Pyrex tube (vacuum-sealed ampoule),8,0
solution cell (Kapton film),2,6
thick-walled borosilicate tube (flame-sealed),1,7
tube,4,4
ultrasound bath,0,8
vapor diffusion setup,8,0
10 mL Teflon screw–capped Duran Pyrex tube,0,7
15 mL PTFE-lined stainless-steel acid digestion bomb,4,3
15 mL Teflon-lined stainless-steel autoclave,6,1
2.5 mL HT Teflon liner in autoclave,7,0
20 mL Teflon-lined stainless steel reactor,7,0
20 mL Teflon-lined stainless-steel autoclave,7,0
20 mL capped scintillation vial (oil bath),1,6
20 mL capped vial,3,4
20 mL scintillation vials (sealed),7,0
23 mL Parr Teflon-lined stainless steel vessel,2,5
23 mL Teflon reactor,7,0
23 mL Teflon-lined stainless steel Parr bomb,7,0
250 mL three-necked flask,7,0
5 L glass reactor with reflux condenser and Teflon-lined mechanical stirrer (two blades),1,6
75 mL screw-cap high-pressure flask,1,6
PTFE insert in stainless steel high-throughput reactor (300 ?L),0,7
Parr Teflon-lined autoclave (23 mL),7,0
Parr Teflon-lined stainless steel vessel (23 mL),7,0
Parr Teflon-lined stainless steel vessel (25 cm3),7,0
Pyrex tube (5 mL),0,7
Schott bottle,7,0
Sigmacote-treated 4 mL glass vial,6,1
Teflon cup in Teflon-lined autoclave,7,0
Teflon lined stainless steel container,7,0
Teflon lined stainless steel vessel (20 mL),3,4
Teflon-capped high-pressure glass vessel (20 mL),3,4
Teflon-capped reaction tube,7,0
Teflon-lined (PTFE) stainless steel autoclave,7,0
Teflon-lined autoclave (high pressure),1,6
Teflon-lined screw cap scintillation vial,3,4
Teflon-lined stainless steel bomb reactor,2,5
Teflon-lined stainless steel container (25 mL),7,0
Teflon-lined stainless steel reactor (15 mL),7,0
"Teflon-lined stainless steel reactor, 20 mL",7,0
Teflon-lined stainless-steel reactor (20 mL),4,3
Teflon-lined stainless-steel reactor (23 mL),5,2
Teflon-lined stainless-steel vessel (20 mL),7,0
Teflon-lined steel autoclave (20 mL),1,6
Teflon-lined vial (10 mL),0,7
borosilicate glass reaction tube with PTFE-lined screwcap,7,0
capped 9 mm borosilicate glass culture tube,7,0
closed glass vial,7,0
glass flask with Teflon-lined screw cap,4,3
glass pressure tube,7,0
glass vial (25 mL),6,1
in situ SAXS cell (mica windows),7,0
pressure glass tube (30 mL),3,4
screw capped glass sample vial (4 mL),7,0
sealed container,7,0
sealed glass flask,6,1
stainless steel ATR-IR batch reactor cell,7,0
stainless steel autoclave (50 mL),7,0
stainless steel autoclave (Parr),4,3
stainless-steel autoclave,7,0
test tube (sealed),1,6
three-neck flask,7,0
1.8-dram glass vial inside 20 mL scintillation vial (vapor diffusion),1,5
10 mL vial,5,1
100 mL Teflon cell sealed in steel Parr autoclave,1,5
100 mL autoclave,6,0
125 mL Parr acid digestion bomb,5,1
15 mL vial,6,0
16 mL Teflon-lined stainless steel autoclave,6,0
2-dram vial,3,3
20 mL Wheaton vial (rubber-lined cap),4,2
"20 mL glass vial, sealed",2,4
20 mL reaction vessel,6,0
20 mL scintillating glass vial (foil-lined cap),0,6
20 mL screw glass bottle,5,1
20 mL sealed vial,6,0
20-mL scintillation vial,6,0
200 mL screw cap bottle,6,0
23 mL Teflon-lined Parr steel autoclave,6,0
25 mL Pyrex reagent jar,2,4
25 mL Schott bottle,0,6
25 mL Teflon-lined stainless steel reactor,6,0
25 mL flask,2,4
25 mL glass vial with screw lid,2,4
250 mL sealed blue cap bottle,6,0
4 mL Pyrex vial,6,0
4 mL dram vial,4,2
4 mL glass scintillation vial,2,4
4 mL glass scintillation vial (Teflon-lined cap),2,4
"4 mL scintillation vial, Teflon-lined cap",2,4
40 mL Teflon-lined stainless-steel autoclave,2,4
45 mL stainless steel Teflon-lined autoclave,6,0
50 mL Schott glass vial,1,5
50 mL centrifuge flask,6,0
50 mL centrifuge tube,6,0
8 mL glass vessel (sealed),6,0
"Duran glass reactor (4 mL), sealed, aluminium block",1,5
H-shaped tube (diffusion); slow evaporation of filtrate in open vial,0,6
PTFE-lined steel autoclave,0,6
"Parr PTFE-lined digestion vessel, 125 mL",6,0
"Parr Teflon-lined stainless steel vessel (15 mL), autogenous pressure",6,0
Petri dish,6,0
Pyrex Schott bottle (100 mL),6,0
Pyrex tube (10 mL),6,0
Pyrex tubes (10),0,6
Schott DURAN pressure plus bottle (1 L),6,0
Teflon-capped glass jar (60 mL),6,0
"Teflon-lined autoclave (15 mL), autogenous pressure",6,0
Teflon-lined autoclave (20 mL sealed),2,4
Teflon-lined autoclave (45 mL liner in steel autoclave),6,0
Teflon-lined autoclave (48 mL liner),6,0
Teflon-lined autoclave (PTFE vessel),1,5
Teflon-lined autoclave (microwave reactor),4,2
Teflon-lined stainless steel autoclave (18 mL),6,0
Teflon-lined stainless steel vessel (16 mL),6,0
Teflon-lined stainless-steel Parr autoclave,0,6
Teflon-lined stainless-steel autoclave (40 mL),5,1
"Teflon-lined stainless-steel autoclave, 25 mL",6,0
Teflon-lined stainless-steel vessel (15 mL),6,0
Teflon-lined steel reactor,6,0
acid digestion bomb,6,0
autoclavable reagent bottle (500 mL),6,0
beaker heated in oven,6,0
borosilicate glass reactor,0,6
external heat reactor in muffle furnace (50 mL),6,0
glass bottle (100 mL Schott),4,2
glass bottle (larger for increased volume),6,0
glass dram vial,3,3
glass petri dish,4,2
glass pressure bottle (15 mL),5,1
glass reactor on aluminum heating block,2,4
"glass tube (1.5 cm i.d., 18 cm height), two-layer diffusion",6,0
"glass tube (10 mm × 140 mm), sealed under vacuum",6,0
"glass tube (2 mL), sealed",6,0
glass vial (Teflon-lined cap),1,5
glass vial (~23 mL),6,0
hydrothermal reaction chamber (50 mL),6,0
microwave glass vial,6,0
microwave vial (10 mL),2,4
non-pressurised scintillation vial (tightly capped),2,4
round bottom flask (50 mL),6,0
round-bottom flask with condenser,5,1
sealed crystal tube,6,0
sealed glass scintillation vial,4,2
solvothermal autoclave (Büchi Versoclave 3E),6,0
stainless steel reactor with Teflon liner,6,0
"thick-walled glass vial, flame-sealed",2,4
vial-in-vial diffusion (glass vials),4,2
1 L Schott DURAN pressure plus bottle,1,4
1 L glass bottle (sealed),5,0
10 mL Teflon-lined stainless steel autoclave,4,1
10 mL screw-capped vial,5,0
100 mL Teflon-lined stainless-steel container,5,0
100-mL glass vial (capped),1,4
11 mL borosilicate glass reactor,2,3
"12 mL reaction vial, Teflon-lined lid",3,2
15 mL Teflon reactor,5,0
15-mL Teflon-lined stainless steel autoclave,5,0
2 L three-necked flask,4,1
2 mL PE tube,5,0
20 mL Teflon-lined stainless steel vessel (autoclave),0,5
20 mL Teflon-lined steel autoclave,0,5
20 mL bottle,1,4
20 mL glass vial (dry bath heater),5,0
"20 mL glass vials, PTFE-lined caps",5,0
20 mL scintillation vial (with round glass cover slide inserted),5,0
20 mL screw-cap vial,4,1
20 mL screw-capped scintillation vial,5,0
20 mL vial (sealed),5,0
200 mL autoclave,5,0
23 mL Teflon-lined stainless steel autoclave (autogenous pressure),5,0
23 mL Teflon-lined steel reactor,1,4
24 mL Teflon-lined autoclave,5,0
25 mL Teflon-lined reactor,5,0
25 mL Teflon-lined stainless steel vessel (autoclave),5,0
25 mL Teflon-lined stainless-steel vessel,5,0
25 mL screw-top glass vial,5,0
25 mL vial (capped tightly),5,0
250 mL flask,1,4
250 mL round-bottom flask,5,0
30 mL Teflon-lined autoclave,5,0
30 mL screw-cap vial,1,4
4 mL glass scintillation vials,5,0
4 mL screw-cap vial,2,3
40 mL glass vial with rubber-lined cap,0,5
5 mL glass bottle,5,0
50 mL Teflon-lined autoclave,5,0
7 mL capped vial,5,0
"Erlenmeyer flask (loosely covered with watch glass), in oven",5,0
Parr Teflon-lined stainless steel autoclave,5,0
Parr Teflon-lined stainless steel vessel (23.0 mL),5,0
Pyrex tubes,1,4
Rotating packed bed (RPB) reactor,5,0
Schlenk tube,0,5
Teflon cup (23 mL),5,0
"Teflon reaction vessel (2 mL), sealed",4,1
Teflon reactor (23 mL),5,0
"Teflon-lined Parr bomb (autoclave), 120 mL",5,0
Teflon-lined autoclave (137 mL),5,0
Teflon-lined autoclave (16 mL),1,4
Teflon-lined autoclave (25 mL PTFE-lined hydrothermal reactor),1,4
Teflon-lined autoclave (250 mL),5,0
Teflon-lined autoclave (45 mL stainless steel reactor),5,0
"Teflon-lined autoclave (PTFE-lined stainless steel, 23 mL)",5,0
"Teflon-lined autoclave (Parr, 15 mL)",5,0
"Teflon-lined autoclave (Parr-type steel autoclave, 23 mL)",1,4
Teflon-lined autoclave (steel bomb),5,0
Teflon-lined bomb (15 mL),5,0
Teflon-lined hydrothermal bomb (23 mL),5,0
Teflon-lined stainless steel Parr autoclave,4,1
Teflon-lined stainless steel autoclave (~20 mL),4,1
"Teflon-lined stainless steel autoclave, 23 mL",5,0
Teflon-lined stainless steel container (16 mL),5,0
Teflon-lined stainless steel vessel (10 mL),5,0
Teflon-lined stainless-steel reactor (10 mL),3,2
"Teflon-lined stainless-steel vessel, 25 mL",5,0
Teflon-lined vessel,5,0
beaker; ultrasonication then oil-bath reflux,5,0
closed Pyrex vessel,1,4
crystal tube (sealed),5,0
"glass serum bottle (silicon stopper, aluminum seal)",2,3
glass tube (DURAN culture tube) in conventional electric oven,5,0
glass vial (7 mL),5,0
glass vials,5,0
heating test tube (heating block),4,1
microwave reactor (10 mL IntelliVent),0,5
narrow Schlenk flask (layered diffusion),5,0
reflux system,5,0
round-bottom flask (100 mL),2,3
round-bottomed flask,5,0
screw-top jar,4,1
screw-top vial (sealed),5,0
sealed hydrothermal bomb (autoclave),5,0
sealed reaction vessel (200 mL),3,2
sealed volumetric flask,5,0
small vial,5,0
stainless steel autoclave with 45 mL Teflon cup,5,0
steel container,5,0
three-neck round bottom flask with Dimroth condenser,5,0
ultrasonic bath (40 kHz),5,0
1.5-dram vial,4,0
10 mL glass vials,2,2
10 mL round-bottom flask,4,0
100 mL Duran glass reactor with screw cap,4,0
100 mL Pyrex jar,4,0
100 mL Pyrex media bottle with Teflon-lined lid,4,0
100 mL screw-cap bottle,2,2
100-mL Teflon-lined stainless-steel autoclave,4,0
13 mL Teflon-lined stainless steel container,3,1
15-mL PTFE-lined stainless-steel autoclave,4,0
15-mL Teflon-lined stainless-steel reactor,2,2
16 mL Teflon-lined stainless steel vessel,4,0
18 mL Teflon-lined stainless steel container,4,0
2 mL Teflon reactor,4,0
20 mL Teflon screw-capped borosilicate glass bottle,4,0
20 mL capped vessel,4,0
20 mL glass vial with PTFE septum,3,1
20 mL headspace screw neck glass vial (metal screw cap),1,3
20 mL screw jar,4,0
20 mL stainless glass vial,4,0
20-mL scintillation vial with Teflon-lined cap,4,0
200 mL Teflon-capped reaction vessel,4,0
23 mL PTFE (Teflon) autoclave liner,4,0
23 mL Teflon-lined stainless autoclave,3,1
23 mL Teflon-lined steel autoclave,4,0
23 mL scintillation vial,4,0
"25 mL Erlenmeyer flask (oven, capped)",4,0
25 mL Teflon lined stainless steel container,4,0
25 mL Teflon-lined Parr autoclave,4,0
25 mL Teflon-lined stainless steel autoclave (Parr),4,0
25 mL Teflon-lined stainless steel container (autoclave),4,0
250 mL volumetric flask,4,0
250 ml round bottom flask,4,0
30 mL glass vial (sealed with parafilm),4,0
30 mL pressure tube (Teflon cap),4,0
4 mL scintillation vials,4,0
5 mL test tube (sealed),4,0
5-ml pyrex vial,0,4
50 mL Parr Teflon-lined autoclave,4,0
50 mL glass bottle (Schott Duran),4,0
50-mL beaker,4,0
500 mL three-necked flask,4,0
6 mL borosilicate glass tube (sealed),2,2
6-dram vial,4,0
60 mL vial (27.5 mm bottom diameter) with Teflon-lined cap,2,2
7 mL Pyrex vial,0,4
7 mL glass vial,4,0
8 mL glass vial,4,0
8-dram glass vial,2,2
8-dram glass vial (oven),2,2
80 mL Teflon tube in microwave reactor,0,4
PFA reactor (7 mL),4,0
PTFE insert in stainless steel high-throughput reactor (300 μL),4,0
PTFE-lined stainless-steel acid digestion bomb (15 mL),4,0
PTFE-lined stainless-steel autoclave (15 mL),4,0
"Parr PTFE-lined digestion vessel, 45 mL",4,0
"Parr Teflon-lined stainless steel autoclave, 15 mL",1,3
Parr vessel,4,0
Petri dish covered with perforated foil,1,3
Pyrex glass vial (7 mL),0,4
Teflon reaction vessel,4,0
Teflon vessel (15 mL),4,0
Teflon vial,4,0
Teflon-coated stainless steel autoclave (25 mL),4,0
Teflon-lined 23-mL Parr autoclave,3,1
Teflon-lined acid digestion bomb (20 mL),2,2
Teflon-lined autoclave (100 mL PTFE reactor),4,0
Teflon-lined autoclave (100 mL stainless-steel),3,1
Teflon-lined autoclave (15 cm3),4,0
Teflon-lined autoclave (25 mL stainless steel vessel),4,0
Teflon-lined autoclave (25 mL stainless steel),2,2
Teflon-lined autoclave (500 mL),4,0
"Teflon-lined autoclave (Parr), 25 mL",4,0
"Teflon-lined autoclave (Parr, 23 mL)",4,0
"Teflon-lined autoclave (stainless-steel reactor, 25 mL)",4,0
Teflon-lined stainless steel container (15 mL),4,0
Teflon-lined stainless steel reactor (23 mL),4,0
Teflon-lined stainless vessel (25 mL),4,0
Teflon-lined stainless-steel Parr bomb (15 mL),4,0
Teflon-lined stainless-steel autoclave (20–28 mL),4,0
Teflon-lined stainless-steel vessel (30 mL),3,1
Teflon-lined steel reactor (23 mL),3,1
Teflon-lined vessel (15 mL),4,0
Teflon-lined vessel (25 mL),4,0
Teflon-sealed autoclave,4,0
autoclave reactor,4,0
"borosilicate culture tube (Schott DURAN), sealed screw cap",2,2
borosilicate glass tube (layered),4,0
borosilicate glass vial (5 mL),4,0
closed Teflon vessel,0,4
closed snap vial,4,0
conical flask,4,0
covered beaker,2,2
glass autoclave,4,0
glass jar,1,3
glass scintillation vials (sand bath in oven),4,0
"glass tube (13 × 100 mm), liquid–liquid diffusion",4,0
glass vial (17 mL),4,0
glass vial (22 mL),4,0
glass vial (30 mL),3,1
glass vial (5 mL) with screw cap,4,0
glass vial (8-dram),1,3
glass vial with screw cap,2,2
"glass vial, 5 mL (capped)",3,1
heavy-wall glass tube (flame-sealed),4,0
heavy-walled Pyrex tube; sealed under vacuum,4,0
hydrothermal bomb with a Teflon vial,1,3
microwave glass tube (Vmax 3 mL),0,4
"quartz tube (5 mm × 140 mm), sealed under vacuum",2,2
round-bottom flask with reflux condenser,4,0
screw-cap glass jar,4,0
sealed 20 mL glass vial,4,0
sealed 25 mL stainless steel reactor,4,0
sealed bottle (25 mL),2,2
sealed conical flask,4,0
sealed glass ampoule,2,2
sealed glass tube (5 mL) under autogenous pressure,4,0
sealed tube (type A),2,2
sealed vial (20 mL),4,0
0.5 dram Pyrex vial,3,0
1 L Teflon-lined autoclave,3,0
10 mL Pyrex tube,3,0
10 mL Teflon-lined stainless-steel vessel,3,0
10 mL autoclave,3,0
10 mL screw-cap vial,3,0
10 mL sealed Pyrex glass tube,1,2
100 mL Teflon autoclave in microwave reactor (CEM Mars-5),0,3
100 mL Teflon-lined stainless-steel Parr bomb,3,0
100 mL flask,3,0
100 mL flask with condenser (oil bath),3,0
100 mL jar with Teflon-lined lid,3,0
100 mL round-bottom flask with reflux condenser,3,0
11 mL borosilicate vial with Teflon-lined cap,3,0
11 mL screw-cap vial,3,0
12 mL PTFE-lined stainless steel autoclave,1,2
12 mL microwave vial,0,3
15 mL PTFE-lined autoclave,3,0
15 mL Teflon screw-capped borosilicate glass bottle,3,0
15 mL Teflon-lined stainless steel container,3,0
15 mL Teflon-lined stainless steel reactor (autoclave),3,0
15 mL screw-cap glass vial,3,0
15 mL sealed reactor,3,0
150 mL screw-cap high-pressure flask,1,2
20 mL Pyrex vial (capped),3,0
20 mL Pyrex vial (tightly capped),3,0
20 mL Teflon-lined stainless-steel container,2,1
20 mL autoclave,2,1
"20 mL glass scintillation vial, Teflon-lined screw-top cap",3,0
20 mL glass vial (capped),3,0
"20 mL vial, sealed",3,0
20 ml vial,3,0
20-mL screw-capped glass vial,3,0
200 mL round-bottom flask,3,0
21 mL Teflon-lined bomb,3,0
21 mL glass vial,3,0
23 mL Teflon-lined acid digestion vessel,3,0
23 mL Teflon-lined stainless steel bomb,3,0
25 mL Parr Teflon-lined stainless steel vessel,3,0
25 mL glass bottle,3,0
25 mL reaction vial,3,0
25 mL scintillation vial,3,0
25 mL screw-capped glass jar,3,0
25 mL screw-capped glass jar reactor,3,0
25 mL screw-capped vial,3,0
25 mL vial,3,0
250 mL Schott DURAN pressure plus bottle,3,0
350 mL screw-cap high-pressure reaction flask,1,2
4 mL glass tube,3,0
40 mL reactor,3,0
5 L reactor (reflux),1,2
5 mL Teflon-lined reactor,3,0
5 mL glass vial with screw cap,3,0
5 mL screw-capped glass vial,3,0
5-mL round-bottom flask,3,0
50 mL Falcon tube,1,2
50 mL Teflon-lined stainless autoclave,3,0
50 mL Teflon-lined stainless steel Parr bomb,3,0
6 dr glass vial,3,0
7 mL borosilicate glass reaction tube (tightly closed),3,0
"7 mL scintillation vial, Teflon-lined cap",3,0
8 dram vial,2,1
8 dram vial in preheated oven,3,0
8 mL Teflon-lined stainless-steel container,3,0
"8 mL glass vessel (sealed), hydrothermal reactor",3,0
"8 mL glass vessel, sealed",3,0
DURAN glass tube (12 mm) with PBT screw cap and PTFE-coated gasket; 2 mL suspension charged,0,3
Duran glass reactor,3,0
H-shaped diffusion glass vessel (10 mL),1,2
HT autoclave with PTFE insert,2,1
PTFE-lined autoclave (7 mL),3,0
"PTFE-lined stainless steel autoclave, 23 mL",3,0
PTFE-lined stainless-steel acid digestion bomb,3,0
PTFE-lined stainless-steel autoclave (10 mL),3,0
PTFE-lined stainless-steel autoclave (23 mL),3,0
PTFE-lined steel autoclave (23 mL),1,2
Parr Teflon-lined stainless steel vessel (10 mL),3,0
Parr Teflon-lined stainless vessel,3,0
Parr Teflon-lined stainless-steel bomb,3,0
Parr Teflon-lined stainless-steel vessel (23.0 mL),3,0
Parr autoclave (24 mL),3,0
Parr bomb (autoclave),3,0
Parr pressure bomb,3,0
Pyrex tubes with cap,3,0
Schlenk flask,2,1
"Schlenk flask (sealed, with Teflon adaptor/pressure relief)",1,2
Teflon bag in Teflon-lined autoclave,2,1
Teflon cell (~23 mL) in stainless steel Parr autoclave,3,0
Teflon reactor (2 mL),3,0
Teflon reactor (25 mL),3,0
Teflon reactor (DGC),3,0
Teflon-capped 20 mL scintillation vial,2,1
Teflon-capped autoclave (20 mL),3,0
Teflon-lined Paar reactor (autoclave),1,2
Teflon-lined Parr acid digestion autoclave,2,1
Teflon-lined Parr acid digestion bomb (23 mL),3,0
Teflon-lined Parr acid-digestion bomb,3,0
Teflon-lined autoclave (12 mL),3,0
Teflon-lined autoclave (200 mL),3,0
Teflon-lined autoclave (23 mL Teflon reactor),3,0
Teflon-lined autoclave (23 mL liner),1,2
Teflon-lined autoclave (25 mL stainless steel reactor with Teflon liner),3,0
Teflon-lined autoclave (PARR),3,0
"Teflon-lined autoclave (PTFE-lined steel autoclave, 23 mL)",2,1
"Teflon-lined autoclave (Parr 4746), 23 mL",3,0
Teflon-lined autoclave (Parr acid digestion bomb),1,2
"Teflon-lined autoclave (Parr stainless steel, 23 mL)",3,0
Teflon-lined autoclave (autogenous pressure),1,2
Teflon-lined autoclave (beaker supported by 20 g dehydrated activated carbon),3,0
"Teflon-lined autoclave (stainless steel reactor, 25 mL)",3,0
Teflon-lined autoclave (steel),3,0
"Teflon-lined bomb (23 mL, Parr)",0,3
Teflon-lined bombs (20 mL),3,0
Teflon-lined hydrothermal autoclave reactor,2,1
"Teflon-lined hydrothermal reactor (25 mL), sealed under autogenous pressure",3,0
Teflon-lined microwave reaction vessel,3,0
Teflon-lined stainless reactor (8 mL),3,0
Teflon-lined stainless steel bomb (autoclave),3,0
Teflon-lined stainless steel container (23 mL),3,0
"Teflon-lined stainless steel vessel (25 mL, Parr)",3,0
"Teflon-lined stainless steel vessel, 14 mL",3,0
"Teflon-lined stainless vessel, 18 mL",3,0
Teflon-lined stainless-steel container (autoclave),3,0
Teflon-lined stainless-steel vessel (autoclave),3,0
Teflon-lined steel autoclave (25 mL),3,0
Teflon-sealed vial,1,2
U-shaped tube with TMOS gel (7.5 wt%),3,0
acid-digestion bomb (25 mL),3,0
airtight glass reactor (20 mL),3,0
autoclave (100 mL),3,0
autoclave (15 mL),3,0
boiling flask (reflux system),3,0
capped glass vessel,3,0
capped vial (4 mL),3,0
closed plastic vessel,3,0
dialysis bag (MWCO 100) immersed in copper salt solution,3,0
glass beaker (50 mL) for slow evaporation,3,0
glass bottle (20 mL),3,0
glass flask in closed desiccator (vapor diffusion),3,0
glass heating tube (sealed),3,0
glass serum bottle,3,0
glass staining dish (ground glass cover),3,0
glass stirred tank reactor (250 mL),3,0
glass tube (10 mL),3,0
glass tube (5 mL),3,0
glass tube (flame-sealed),3,0
glass tube (layered diffusion),3,0
glass tube (layering method),3,0
"glass vial (15 mL, Teflon-supported cover)",3,0
glass vial (2 mL),3,0
glass vial (8 mL),3,0
"glass vial, 10 mL",3,0
hard glass tube (pumped to near vacuum),3,0
heavy-walled Pyrex tube (sealed),3,0
"heavy-walled Pyrex tube, sealed under vacuum",3,0
hydrothermal kettle,3,0
"in situ SAXS/WAXS cell (diamond/mica windows, PTFE spacer)",3,0
microwave reaction vial (30 mL) with Teflon-lined cap,1,2
microwave vial (20 mL) in Biotage Initiator+,0,3
microwave vial (30 mL),1,2
narrow glass tube (solvent diffusion layering),3,0
non-pressurised scintillation vial (loosely capped),1,2
plastic bottle,2,1
reaction flask,2,1
reflux with condenser (100 mL reactor),1,2
round-bottom flask (250 mL),2,1
round-bottom flask with condenser (oil bath),3,0
screw Teflon-capped vial,3,0
sealed 15 mL bottle,3,0
sealed DURAN culture glass tube with PTFE-faced sealing wad,3,0
sealed Pyrex tube,3,0
sealed glass vial (10 mL),2,1
sealed reaction vessel (10 mL),3,0
sealed reactor (23 mL),3,0
sealed thick Pyrex tube (evacuated),3,0
sealed vial/autoclave,3,0
small beaker covered with perforated foil placed in desiccator,1,2
small vial covered with parafilm,3,0
solvothermal autoclave (100 mL),3,0
stainless steel autoclave (30 mL total volume),2,1
stainless steel autoclave with a Teflon lid,3,0
steel autoclave reactor,0,3
straight glass tube,2,1
straight glass tube (layered slow diffusion),1,2
thick walled glass tube (100 mL),3,0
tightly capped flask,3,0
ultrasonic bath,3,0
vial (10 mL),3,0
1-dram glass vial,2,0
1-dram vial,2,0
10 mL Pyrex tube (sealed),2,0
10 mL Teflon-lined stainless steel container,2,0
10 mL Teflon-lined stainless-steel autoclave,2,0
10 mL capped vial,2,0
10 mL culture tube (capped),2,0
10 mL glass reaction bottle (sealed),2,0
10 mL glass tube (sealed),0,2
10 mL screw-capped glass vial,1,1
10 mL vial (sealed),2,0
100 mL PTFE-lined stainless-steel autoclave,1,1
100 mL Pyrex jar (oven),2,0
100 mL Teflon-capped flask,2,0
100 mL Teflon-lined stainless-steel reactor (autoclave),2,0
100 mL Teflon-sealed vessel,2,0
100 mL bottle with Teflon-taped screw cap,2,0
100 mL glass flask,2,0
100 mL round-bottom flask (oil bath),2,0
12 mL scintillation vial,2,0
12 mL screw-capped glass test tube,2,0
120 mL vial,2,0
125-mL screw-capped glass jar,2,0
15 mL Teflon-lined stainless-steel reactor,1,1
15 mL Teflon-lined steel vessel,2,0
15 mL reaction vessel,2,0
15 mL stainless steel bomb,2,0
150 mL Teflon-lined stainless autoclave,2,0
16 mL Teflon lined stainless steel container,2,0
17 mL Teflon-lined stainless steel autoclave,2,0
18 mL glass vial,2,0
2 mL Teflon-lined autoclave,1,1
2-dram vial (sealed),2,0
2-mL glass vial,2,0
2.5 mm fused-quartz capillary with Teflon cap (in situ cell),2,0
20 mL Pyrex heat-resistant flask,2,0
20 mL Pyrex tube,2,0
20 mL Teflon autoclave,2,0
20 mL Teflon-lined acid digestion bomb,2,0
20 mL glass scintillation vial (Teflon-lined cap),1,1
20 mL glass screw-top scintillation vial with Teflon-lined screw cap,0,2
20 mL glass vials,2,0
20 mL reaction vial,2,0
20 mL screw cap vial,1,1
20 mL screw glass vial,2,0
20 mL screw-capped vial,2,0
20 mL sealed Teflon-lined stainless steel vessel,1,1
20 mL small glass vial,2,0
20 mL stainless-steel autoclave,2,0
20 mL vials (isothermal oven),2,0
20-mL Teflon-lined stainless steel autoclave,2,0
21 mL glass scintillation vial,2,0
22 mL Teflon-lined stainless steel container,2,0
23 mL PTFE-lined acid digestion bomb (Teflon-lined autoclave),2,0
23 mL PTFE-lined autoclave (stainless steel),2,0
23 mL PTFE-lined stainless-steel autoclave,2,0
23 mL Teflon liner in Parr autoclave,2,0
23 mL Teflon vessel in digestion bomb (hydrothermal),2,0
23 mL Teflon-lined acid digestion bomb,2,0
23 mL Teflon-lined acid digestion vessel (Parr 4746),1,1
23 mL Teflon-lined steel vessel,2,0
23 mL acid digestion bomb,2,0
23 mL acid-digestion bomb,2,0
23 ml Teflon-lined stainless-steel autoclave,2,0
23-mL Teflon reactor (autogenous pressure),2,0
24 mL Teflon liner in autoclave,2,0
25 mL Erlenmeyer flask,2,0
25 mL PTFE-lined stainless steel container,2,0
25 mL Teflon-lined steel autoclave,2,0
25 mL capped scintillation vial,2,0
25 mL hydrothermal reactor,2,0
25 mL screw top jar,2,0
25 mL sealed vessel,2,0
25 mL stainless steel reactor,2,0
25 mL vial (sealed),2,0
25-mL Teflon-lined autoclave,2,0
25-mL acid digestion bomb,2,0
25-mL glass vial (sealed),2,0
250 mL Schott bottle,2,0
3 L autoclave (unstirred),1,1
3 mL Savillex screw-top vial in Teflon cup within steel Parr autoclave (autogenous pressure),1,1
30 L reactor,1,1
30 mL Teflon-lined stainless steel vessel,2,0
30 mL Teflon-lined stainless steel vessel (autoclave),2,0
30 mL Teflon-lined stainless-steel container,2,0
30 mL Teflon-lined stainless-steel vessel (autoclave),1,1
"30 mL Teflon-lined stainless-steel vessel (autoclave, autogenous pressure)",1,1
30 mL autoclave,2,0
30 mL glass vial,2,0
30 mL screw cap glass vial,2,0
35 mL microwave vial,0,2
4 dram glass vial (sealed),2,0
4 mL vial with Teflon-lined cap,2,0
40 mL bomb (autoclave),2,0
5 mL Teflon cup,2,0
5 mL glass vial (sealed),2,0
5 mL glass vial with a screw cap,2,0
5.0 mL vial,2,0
"50 mL glass tube, sealed",2,0
50 mL solvothermal vessel,2,0
500 mL round bottom flask,1,1
60-mL screw-capped glass jar,2,0
7 mL Pyrex reactor,2,0
"80 mL glass vial (sealed), oil bath",2,0
ACE glass pressure tube,1,1
"Biotage microwave vial (sealed), heated in oven with sand bath",2,0
Duran-glass reactor (4 mL),2,0
Glass reactor with reflux condenser (1 L),2,0
Glass vial (7 mL) in ultrasonication bath,1,1
PTFE insert in Berghof pressure digestion vessel,1,1
"PTFE-lined reactor (Teflon-lined autoclave), 140 mL",2,0
PTFE-lined stainless-steel vessel (15 mL),2,0
PTFE-lined steel reactor (20 mL),1,1
Parr Teflon-lined stainless-steel autoclave (25 mL),2,0
Parr Teflon-lined stainless-steel vessel (25 mL),2,0
"Parr acid digestion autoclave, 25 mL",2,0
Pyrex glass bottle (oil bath),2,0
Pyrex glass vessel,2,0
Pyrex reactor,2,0
Pyrex tubes (12),0,2
Pyrex vial (20 mL),1,1
Pyrex vial with PTFE-lined phenolic cap,2,0
Pyrex-sealed bottle,1,1
Schlenk flask (100 mL),2,0
Schott Duran glass reactor (5 mL),1,1
Schott Duran glass reactor (in situ setup),2,0
Space-confined glass slide reactor immersed in 100 mL Schott bottle,2,0
Teflon Parr Bomb (23 mL),2,0
Teflon bag in 45 mL reaction vessel,2,0
Teflon bottle,2,0
Teflon lined stainless steel vessel,2,0
Teflon lined steel autoclave,2,0
Teflon reactor (18 mL),2,0
"Teflon reactor (2 mL, HT setup)",2,0
"Teflon vessel (23 mL), sealed",2,0
Teflon vessel (5 mL),2,0
Teflon-capped scintillation vial,2,0
Teflon-lined Parr autoclave (23 mL),0,2
Teflon-lined Parr reaction vessel (23 mL),2,0
Teflon-lined Parr stainless steel autoclave,2,0
Teflon-lined autoclave (1 L),2,0
Teflon-lined autoclave (100 ml),2,0
Teflon-lined autoclave (150 mL),2,0
Teflon-lined autoclave (23 mL Teflon reactor in oven),1,1
Teflon-lined autoclave (23 mL Teflon vial in Parr autoclave),2,0
Teflon-lined autoclave (25 mL Teflon reactor),2,0
Teflon-lined autoclave (250 mL; separate vial of NH3 inside),2,0
Teflon-lined autoclave (35 mL),2,0
Teflon-lined autoclave (45 mL),2,0
Teflon-lined autoclave (5 mL),1,1
Teflon-lined autoclave (60 mL),2,0
"Teflon-lined autoclave (75 mL, Berghof BR-100)",2,0
"Teflon-lined autoclave (Parr 4749, 23 mL)",2,0
"Teflon-lined autoclave (Parr, 20 mL)",1,1
Teflon-lined autoclave (Teflon kettle),2,0
Teflon-lined autoclave (stainless steel reactor with PTFE liner),2,0
Teflon-lined autoclave (stainless steel reactor),2,0
"Teflon-lined autoclave, 20 mL",2,0
"Teflon-lined autoclave, 30 mL",2,0
Teflon-lined glass vial (40 mL),2,0
Teflon-lined home-made stainless steel autoclave (2.40 mL),2,0
"Teflon-lined reactor, 15 mL",2,0
"Teflon-lined stainless autoclave, 25 mL",2,0
Teflon-lined stainless container,1,1
"Teflon-lined stainless container, 23 mL",2,0
Teflon-lined stainless steel acid digestion reactor (10 mL),1,1
Teflon-lined stainless steel acid digestion reactor (30 mL),1,1
Teflon-lined stainless steel autoclave (75 mL),2,0
Teflon-lined stainless steel autoclave (Parr),2,0
"Teflon-lined stainless steel autoclave (Parr, 20 mL)",2,0
"Teflon-lined stainless steel autoclave (Parr, 23 mL)",2,0
Teflon-lined stainless steel container (23.0 mL),2,0
Teflon-lined stainless steel vessel (18 mL),2,0
"Teflon-lined stainless steel vessel (20 mL), autogenous pressure",2,0
Teflon-lined stainless steel vessel (40 mL),2,0
Teflon-lined stainless vessel,2,0
Teflon-lined stainless vessel (12 mL),2,0
Teflon-lined stainless-steel Parr acid digestion bomb (23 mL autoclave),2,0
Teflon-lined stainless-steel autoclave (100 mL),2,0
Teflon-lined stainless-steel autoclave (12 mL),2,0
Teflon-lined stainless-steel autoclave (125 mL),2,0
Teflon-lined stainless-steel autoclave (35 mL),2,0
Teflon-lined stainless-steel bomb reactor,2,0
Teflon-lined steel autoclave (28 mL),2,0
"Teflon-lined steel autoclave, 125 mL",0,2
Teflon-lined steel container,2,0
Teflon-lined tube,2,0
airtight glass bottle (10 mL),2,0
autoclave (100 mL total volume),1,1
autoclave reactor (100 mL),2,0
bomb (autoclave),2,0
borosilicate Schott DURAN culture tube (8 mL) sealed with screw cap,1,1
capped Pyrex glass tube,2,0
capped vial (20 mL),2,0
chromatographic vial (perforated cap) in desiccator,2,0
clean tube,2,0
closed Pyrex bottle,2,0
closed container,2,0
closed-capped bottle (25 mL),2,0
covered 250 mL vessel,2,0
double-layered glass reactor (10 L),1,1
double-vial (small vial in large vial),2,0
electric furnace,2,0
flame-sealed borosilicate glass tube,2,0
glass diffusion reactor,2,0
glass diffusion setup,2,0
glass flask (100 mL),1,1
glass round-bottom flask; oven,2,0
glass scintillation vial (20 mL),1,1
glass test tube (14 mm diameter),2,0
"glass tube (10 mL, capped)",1,1
glass tube (4 mL),2,0
"glass tube (frozen in liquid N2, evacuated, flame-sealed)",2,0
glass tube (near-vacuum),2,0
glass tubes (diffusion method),2,0
"glass vial (20 mL), sealed",2,0
"glass vial (30 mL), Teflon-sealed",2,0
glass vial (capped),1,1
glass vial with PTFE-lined cap,2,0
glass vial with a plastic lid,2,0
"glass vial, 10 mL, sealed",2,0
"glass vial, sealed",2,0
glass vials (layering),2,0
"glass vials (multiple, for slow evaporation)",0,2
glass vials (vapor diffusion setup connected by rubber tube),1,1
hard glass tube (sealed under near-vacuum),2,0
heat-resistant glass tube,2,0
heavy-walled Pyrex tube,2,0
heavy-walled glass vessel with Teflon screw cap,2,0
high-pressure stainless steel batch reactor (~10 mL),1,1
hydrothermal reactor (18 mL),2,0
layered diffusion (MeOH over DMF),1,1
long tube (sealed),2,0
microwave reactor (3.5 mL),0,2
microwave reactor vessel (600 W),0,2
microwave vial (20 mL),2,0
microwave vial (3 mL),2,0
microwave vial (capped glass vial),1,1
modified H-shaped diffusion tube (three arms),1,1
narrow glass tube,2,0
narrow test tube (layered diffusion),2,0
polypropylene screw capped 20 mL glass vial,0,2
pressure tube (50 mL),1,1
pressure-resistant glass bottle,2,0
reflux,2,0
reflux setup (glass),2,0
round bottom flask (ambient pressure),2,0
round bottom flask with reflux condenser,0,2
screw capped bottle,2,0
screw vial,2,0
screw-cap bottle,0,2
screw-cap glass vial,2,0
screw-cap vial (oil bath),2,0
"screw-capped bottle (100 mL, PTFE-coated seal)",2,0
screw-capped vial (8 mL),2,0
sealable Pyrex bottle,2,0
sealed 20 mL scintillation vial,2,0
sealed 30 mL Teflon-lined stainless steel vessel,2,0
sealed borosilicate vial,2,0
"sealed heavy-walled glass tube (0.15 × 15 cm), evacuated",2,0
sealed pressure tube,2,0
"sealed pressure tube (Ace, type A)",2,0
slender glass tube (three-layer diffusion),2,0
small glass vial,2,0
small vial (sealed),2,0
snap-on cap glass vial in autoclave,2,0
solvothermal scintillation vial,2,0
stainless steel autoclave (20 mL),2,0
stainless steel autoclave (25 mL),0,2
stainless steel coil tube (inner 1.0 mm),2,0
stainless steel reactor with Teflon liner (25 mL),2,0
stainless steel vessel,2,0
stainless steel vessel (autoclave),2,0
stainless-steel Teflon-lined autoclave (100 mL),2,0
stainless-steel container,2,0
stainless-steel tube with a Teflon liner,1,1
steel autoclave,2,0
test tube (5 mL) for liquid diffusion,1,1
test tube (layered diffusion),2,0
test tube (layered liquid diffusion),2,0
"test tube (slow diffusion, layered solutions)",1,1
thick Pyrex tube (sealed under vacuum),2,0
"thick-walled Pyrex tube, sealed under vacuum",2,0
"thick-walled borosilicate tube (freeze–pump–thaw, flame-sealed)",1,1
thick-walled screw-top pressure tube,2,0
three-necked round-bottomed flask with reflux condenser,2,0
tightly capped 15 mL Pyrex tube,2,0
tightly sealed vial,0,2
two-neck flask,2,0
vessel,2,0
vial-in-vial diffusion setup,2,0
"wide-mouth glass jar (500 mL, screw cap)",2,0
~100 mL Teflon reactor in electric convection oven,0,2
1 L Erlenmeyer flask,1,0
1 L Teflon-lined stainless-steel autoclave,1,0
1 L high-pressure flask for conversion; initial step in 100 mL–150 mL vessel,0,1
1 L reactor (pilot-plant stirrer),1,0
1 L screw-cap glass jar,1,0
1 L screw-capped vial,1,0
1-L HDPE jar (tightly capped),1,0
1-dram vial or 20 mL scintillation vial,1,0
"1.5-dram glass vial (sealed), heated in oven with sand bath",1,0
"10 L glass vial (sealed), oil bath",1,0
10 L jacketed glass reactor,1,0
10 mL IntelliVent microwave reactor (CEM Discover),1,0
10 mL Teflon-lined bomb (Teflon-lined stainless steel autoclave),1,0
10 mL Teflon-lined stainless autoclave,0,1
10 mL Teflon-lined stainless steel vessel,1,0
10 mL glass bottle (sealed),1,0
10 mL glass reaction bottle,1,0
"10 mL glass vials (capped), isothermal oven",1,0
10 mL glass vials (eight),1,0
10 mL glass vials (isothermal oven),1,0
10 mL solvothermal vial,1,0
10-mL glass tube,1,0
100 mL Erlenmeyer flask,1,0
100 mL Pyrex Schott bottle (sealed),1,0
100 mL Teflon-lined autoclave (stainless-steel protective cover),1,0
100 mL Teflon-lined stainless steel vessel,1,0
100 mL autoclavable bottle (sealed) in oven,1,0
100 mL bottle with Teflon cap,1,0
100 mL glass jar,1,0
100 mL reaction kettle,1,0
100 mL reaction vessel,1,0
100 mL round-bottom flask,0,1
100 mL screw-capped glass jar,1,0
100-mL round-bottom flask,1,0
1000 mL flask,1,0
1000 mL glass flask,1,0
11 mL glass bottle,1,0
12 mL PTFE crucible placed in a steel autoclave,1,0
12 mL Teflon-lined autoclave,1,0
12 mL vial,1,0
12-mL Teflon-lined autoclave,1,0
"120 mL Teflon-lined, stainless steel autoclave",1,0
120 mL vial with Teflon-lined cap,1,0
125 mL Parr-type autoclave,1,0
125 mL Teflon cup-lined autoclave,1,0
125 mL Teflon liner in Parr acid digestion vessel,1,0
125 mL Teflon vessel (air oven),1,0
125-mL Teflon-lined steel Parr autoclave,1,0
13 mL Teflon reactor,1,0
15 cm3 stainless steel bomb,1,0
15 mL PTFE reactor (Teflon-lined autoclave),1,0
15 mL PTFE-lined stainless steel autoclave,1,0
15 mL Teflon-lined autoclave (2/3 full),0,1
15 mL Teflon-lined stainless-steel vessel,1,0
15 mL flask,1,0
15 mL flask (tightly capped) in oven,1,0
15 mL glass vessel,1,0
15 mL glass vial (sealed),1,0
15 mL inner glass bottle,1,0
15 mL pressure flask,1,0
15 mL pressure tube,1,0
15 mL pyrex jar,1,0
15 mL scintillation vial,1,0
15 mL test tube (layered diffusion),1,0
15-mL acid digestion bomb,1,0
16 mL Teflon-lined autoclave,1,0
16 mL Teflon-lined stainless steel container (autoclave),1,0
18 mL Teflon-lined stainless steel vessel (Teflon-lined autoclave),1,0
2 L Pyrex bottle (oven),1,0
2 mL glass screw top vial (PTFE-lined cap),0,1
2 mL vials,1,0
20 mL Teflon reactor,1,0
20 mL Teflon vial,1,0
20 mL Teflon-lined stainless steel bomb,1,0
20 mL ampulla,1,0
20 mL borosilicate glass vial (sealed),1,0
20 mL glass bottle reactor,1,0
"20 mL glass flask (sealed), oven",1,0
20 mL glass scintillation vial with Teflon cap,0,1
20 mL glass vial (microwave oven),1,0
20 mL glass vial (oil bath),1,0
20 mL glass vial (screw cap),1,0
20 mL glass vial (tightly capped),1,0
20 mL glass vials (4),1,0
20 mL glass vials (four),1,0
20 mL glass vials (six),1,0
20 mL hydrothermal high-pressure reactor,1,0
20 mL sample vial,1,0
20 mL scintillation vial (sealed with urethane cap and PTFE liner),1,0
"20 mL scintillation vial, Teflon-lined cap",1,0
20 mL screw-cap glass vial,1,0
20 mL sealed glass vial,1,0
20 mL test tube with inner vial (slow diffusion),1,0
20 mL vials (programmable oven),1,0
"20 mL vials, isothermal oven",1,0
20 ml capped vessel,1,0
20-mL vial,1,0
200 mL bottle,1,0
200 mL round bottom flask,1,0
21 cm3 Ace glass autoclave,1,0
23 mL Teflon-lined autoclave (Teflon bomb),1,0
23 mL Teflon-lined stainless steel Parr hydrothermal vessel,1,0
23 mL Teflon-lined stainless steel vessel (autoclave),1,0
23 mL Teflon-lined stainless-steel Parr autoclave,1,0
23 mL autoclave,1,0
23 mL stainless steel reactor with a Teflon liner,1,0
23-M L Teflon-lined autoclave,1,0
25 mL DURAN glass bottle (screw cap),1,0
25 mL Teflon high-temperature kettle,1,0
25 mL Teflon reactor,1,0
25 mL Teflon-lined pot,1,0
25 mL Teflon-lined steel bomb (autoclave),1,0
25 mL Teflon-lined vessel,1,0
25 mL autoclave,1,0
25 mL glass flask with air-cooled condenser (oil bath),1,0
25 mL reaction vessel,1,0
25 mL reactor,1,0
25 mL round-bottom flask,1,0
25 mL screw-cap glass bottle,1,0
25 mL screw-capped Duran glass vial,1,0
25 mL screw-capped glass vial,1,0
25 mL sealed autoclave,1,0
25 mL sealed reaction vessel,1,0
25 mL stainless steel reactor with Teflon liner,1,0
25 mL stainless steel vessel,1,0
25 mL stainless-steel reaction vessel with Teflon liner,1,0
25 mL stainless-steel reactor with Teflon liner,1,0
25 mL tube (sealed),1,0
25-mL Teflon-lined stainless-steel container (autoclave),1,0
25-mL glass ampoule (flame-sealed),1,0
25-mL stainless-steel reactor with a Teflon liner,1,0
25.0 mL Teflon-lined autoclave,1,0
250 mL flask (oil bath),1,0
250 mL glass KIMBLE bottle,1,0
250 mL glass bottle,1,0
250 mL reaction bottle,1,0
250 mL vial (heated after initial mixing),1,0
28-mL glass vial,1,0
3-dram scintillation vial,1,0
30 L glass reaction vessel,1,0
30 L reactor (reflux),0,1
30 mL Teflon vessel sealed in glass vial,1,0
30 mL Teflon-lined reactor,1,0
30-mL Teflon-lined stainless steel vessel,1,0
30-mL glass vial,1,0
35 mL 19/22 flask with air-cooled condenser,1,0
350 mL pressure-resistant flask,1,0
350 mL screw-capped pressure vessel (air-free),1,0
4 mL borosilicate screw vial,1,0
4 mL glass vial placed inside 20 mL vial (vapor diffusion),1,0
4 mL glass vials,1,0
4 mL scintillation vial (aluminum block hot bath),1,0
4 mL scintillation vials; crystallization in 20 mL vial,1,0
4-mL flask,1,0
40 mL Teflon-lined stainless steel autoclave,1,0
40 mL capped glass vial,1,0
40 mL scintillation vial,1,0
400 mL jar,1,0
45 mL Teflon-lined stainless-steel Parr autoclave,1,0
5 L glass reactor,1,0
5 mL Pyrex glass tube (sealed),1,0
5 mL Teflon-lined stainless steel reactor,1,0
5 mL glass vial (layering),1,0
5 mL glass vial (microwave),1,0
5 mL microwave vial,1,0
50 mL Schott reagent bottle,1,0
50 mL Teflon-lined stainless-steel container,1,0
50 mL Teflon-sealed autoclave,1,0
50 mL autoclave,1,0
"50 mL glass vial, Teflon-lined cap",0,1
50 mL reactor,1,0
50 mL round-bottom flask (capped),1,0
50 mL three-necked bottle,1,0
500 mL Schott bottles (glass),1,0
500 mL Teflon-lined autoclave,1,0
500 mL bottle,1,0
500 mL vial,1,0
500-mL screw-capped glass jar,1,0
60 mL glass reagent bottle,1,0
8 mL Teflon-lined stainless autoclave,1,0
8 mL capped glass vessel,1,0
8 mL glass vessel,1,0
8 mL scintillation vial (sealed),1,0
8 mL screw-capped glass vial,1,0
8 mL vial,1,0
80 mL stainless steel reactor,1,0
9 mL bottle,1,0
Ace glass pressure tube,1,0
Büchi miniclave reactor (sealed),1,0
Erlenmeyer (2 L) with condenser,1,0
Erlenmeyer flask,1,0
Glass reactor with reflux condenser (100 L),1,0
Glass reactor with reflux condenser (5 L),1,0
H-tube,1,0
HDPE bottle (sealed),1,0
KCF-2 autoclave (3 L),1,0
Monowave 50 glass vial,1,0
Nalgene PE bottle,1,0
PEEK screw-cap insert inside 7 mm MAS rotor (zirconia),1,0
PTFE insert (50 mL) in Berghof pressure digestion vessel,1,0
PTFE-lined Parr acid digestion vessel (Teflon-lined autoclave),1,0
PTFE-lined autoclave (23 mL),1,0
PTFE-lined stainless steel autoclave (8 cm3),1,0
"PTFE-lined stainless steel autoclave (Parr), 23 mL",1,0
PTFE-lined stainless steel reaction vessel (15 mL),1,0
PTFE-lined stainless steel reactor,1,0
PTFE-lined steel autoclave (37 mL; reaction volume 20 mL),1,0
Parr 23 mL pressure vessel with Teflon liner,1,0
Parr Teflon-lined acid digestion bomb (23 mL),0,1
Parr Teflon-lined stainless steel autoclave (23 mL),1,0
Parr Teflon-lined stainless steel autoclave (25 cm3),1,0
Parr Teflon-lined stainless steel reactor (25 mL),1,0
Parr Teflon-lined stainless steel vessel (23 cm3),1,0
"Parr Teflon-lined stainless steel vessel (25 mL), autogenous pressure",1,0
Parr Teflon-lined stainless steel vessel (autoclave),1,0
Parr Teflon-lined stainless-steel autoclave (23 mL),1,0
Parr Teflon-lined stainless-steel reactor (25 mL),1,0
"Parr bomb, Teflon-lined autoclave (23 mL)",1,0
Parr reaction vessel (Teflon vial),0,1
"Parr-type autoclave, 23 mL",1,0
Pyrex glass bottle,1,0
Pyrex glass vial,1,0
"Pyrex tube (10 mm OD, 8 mm ID, 150 mm length)",1,0
Pyrex tube (2 mL),1,0
Pyrex tube (flame-sealed; degassed by three freeze–pump–thaw cycles),1,0
Pyrex-glass reactor with screw cap,1,0
Schott Duran glass reactor in aluminium autoclave,1,0
Schott bottle (closed),1,0
Schott bottle (unconfined growth),1,0
Sigmacote-treated 500 mL Schott bottle,1,0
Teflon autoclave (60 mL),1,0
Teflon autoclave liner,1,0
Teflon beaker for gel prep; glass test tube for gel diffusion,1,0
Teflon container (5 L),1,0
Teflon cup,1,0
Teflon high pressure autoclave,1,0
"Teflon insert, steel multiclave",1,0
Teflon lined autoclave,1,0
Teflon lined pressure vessel (autoclave),1,0
Teflon liner,1,0
Teflon liner in stainless steel autoclave,1,0
"Teflon reactor (15 mL), autogenous pressure",1,0
Teflon reactor (HT setup),1,0
Teflon reactor in high-throughput steel autoclave,1,0
"Teflon reactor, 25 mL",1,0
Teflon screw-top pressure tube (15 mL),0,1
Teflon vessel (25 mL),1,0
Teflon vessel (50 mL) in autoclave,1,0
Teflon vessel in digestion bomb (hydrothermal),1,0
Teflon vial (15 mL),1,0
Teflon vial (25 mL),1,0
Teflon vial in autoclave,1,0
Teflon vial sealed in stainless steel autoclave,1,0
Teflon-capped autoclave,1,0
Teflon-capped glass jar (120 mL),1,0
Teflon-capped microwave reactor (MicroSYNTH),0,1
Teflon-capped vial,1,0
Teflon-capped vial (25 mL),1,0
"Teflon-coated stainless-steel autoclave, 25 mL",1,0
Teflon-lined 12 mL stainless steel autoclave,1,0
Teflon-lined 23 mL autoclave,1,0
Teflon-lined 23 mL stainless steel autoclave,1,0
Teflon-lined 23-mL Parr stainless steel autoclave,1,0
Teflon-lined 40 mL Parr pressure vessel,1,0
Teflon-lined Parr acid digestion autoclave (23 mL),1,0
Teflon-lined Parr acid digestion bomb (25 mL),1,0
"Teflon-lined acid digestion bomb (Parr, 23 mL)",1,0
"Teflon-lined acid digestion bomb (PerkinElmer, 110 mL)",1,0
Teflon-lined acid-digestion bomb,1,0
Teflon-lined autoclave (100 mL PTFE),1,0
Teflon-lined autoclave (120 mL),1,0
Teflon-lined autoclave (14 mL),1,0
Teflon-lined autoclave (2 × 250 mL),1,0
Teflon-lined autoclave (20 mL Teflon liner),1,0
Teflon-lined autoclave (20 mL acid digestion bomb),1,0
Teflon-lined autoclave (20 mL liner),1,0
Teflon-lined autoclave (23 mL Teflon liner),1,0
Teflon-lined autoclave (23 mL acid digestion bomb),1,0
Teflon-lined autoclave (23 mL stainless steel container),1,0
Teflon-lined autoclave (23 mL stainless steel reactor),1,0
Teflon-lined autoclave (23 mL stainless-steel reactor),1,0
Teflon-lined autoclave (23 mL steel bomb),1,0
Teflon-lined autoclave (23 mL) in Parr bomb,1,0
Teflon-lined autoclave (23.0 mL),1,0
Teflon-lined autoclave (25 mL Teflon reaction kettle),1,0
Teflon-lined autoclave (30 mL stainless steel reactor),1,0
Teflon-lined autoclave (40 mL Teflon liner),1,0
Teflon-lined autoclave (40 mL liner),1,0
Teflon-lined autoclave (45 mL stainless-steel reactor),1,0
"Teflon-lined autoclave (45 mL, Parr 4714)",1,0
Teflon-lined autoclave (50 mL in steel autoclave),1,0
Teflon-lined autoclave (7 mL),1,0
Teflon-lined autoclave (75 mL),1,0
Teflon-lined autoclave (80 mL) with 25×40 mm vial inside; NaOH solution (2 mL H2O + 2 mL EtOH) at bottom when used,1,0
Teflon-lined autoclave (PTFE insert),1,0
Teflon-lined autoclave (PTFE liner in stainless steel),1,0
Teflon-lined autoclave (Parr 200 mL bomb),1,0
"Teflon-lined autoclave (Parr bomb), 40 mL",1,0
"Teflon-lined autoclave (Parr, 50 mL)",1,0
Teflon-lined autoclave (acid digestion bomb),1,0
"Teflon-lined autoclave (digestion bomb, 23 mL)",1,0
Teflon-lined autoclave (dry-gel; solvent reduced to 4.0 g),1,0
Teflon-lined autoclave (glass vial inside),1,0
Teflon-lined autoclave (sealed Teflon jar),1,0
Teflon-lined autoclave (stainless steel),1,0
Teflon-lined autoclave (steel Parr),1,0
Teflon-lined autoclave bomb,1,0
"Teflon-lined autoclave, 50 mL",1,0
"Teflon-lined bomb (45 mL, Parr)",0,1
Teflon-lined hydrothermal autoclave,1,0
Teflon-lined hydrothermal autoclave reactor (seeded via seeds adhered to vessel),1,0
Teflon-lined reactor (20 mL),1,0
Teflon-lined sealed solvothermal vessel,1,0
Teflon-lined sealed tube (25 mL),1,0
Teflon-lined stainless autoclave (100 mL),1,0
Teflon-lined stainless autoclave (15 mL),1,0
Teflon-lined stainless steel Parr acid digestion bomb,1,0
Teflon-lined stainless steel Parr autoclave (23 mL),1,0
Teflon-lined stainless steel Parr bomb (25 mL),1,0
Teflon-lined stainless steel autoclave (25 cm3),1,0
"Teflon-lined stainless steel autoclave (Parr), 15 mL",1,0
"Teflon-lined stainless steel autoclave (Parr, 15 mL)",1,0
"Teflon-lined stainless steel container (23 mL), sealed",1,0
Teflon-lined stainless steel hydrothermal reactor,1,0
Teflon-lined stainless steel reactor (16 mL),1,0
Teflon-lined stainless steel vessel (23.0 mL),1,0
"Teflon-lined stainless steel vessel, 25 mL",1,0
Teflon-lined stainless-steel Parr acid digestion bomb,1,0
Teflon-lined stainless-steel Parr bomb,1,0
Teflon-lined stainless-steel Parr bomb (25 mL),1,0
Teflon-lined stainless-steel autoclave (200 mL),1,0
Teflon-lined stainless-steel autoclave (30 mL),1,0
Teflon-lined stainless-steel autoclave (4 mL),1,0
Teflon-lined stainless-steel autoclave (50 mL),1,0
Teflon-lined stainless-steel bomb,1,0
Teflon-lined stainless-steel container,1,0
Teflon-lined stainless-steel container (50 mL),1,0
Teflon-lined stainless-steel reactor,1,0
Teflon-lined stainless-steel reactor (25 mL),1,0
Teflon-lined stainless-steel vessel (45 mL),1,0
"Teflon-lined stainless-steel vessel (autoclave), 30 mL",1,0
Teflon-lined steel Parr autoclave,1,0
Teflon-lined steel autoclave (23 mL),1,0
"Teflon-lined steel autoclave, 15 mL (PARR)",1,0
"Teflon-lined steel autoclave, 24 mL",1,0
"Teflon-lined steel autoclave, 50 mL",1,0
"Teflon-lined vessel (23 mL), vacuum-packed",1,0
Teflon-sealed reaction vial (placed in oven),1,0
Ten 8 mL glass vials; isothermal oven,1,0
acid-digestion bomb,1,0
air oven,1,0
airtight glass vial,1,0
ampule,1,0
autoclavable glass container,1,0
autoclave (200 mL),1,0
autoclave (50 mL),1,0
autoclave (Pyrex bottle),1,0
autoclave (glass insert),1,0
"borosilicate glass tube, flame-sealed (hydrothermal)",1,0
"borosilicate glass vial (5 mL), sealed screw cap",1,0
borosilicate vial (20 mm diameter),1,0
bottle with screw cap (8.00 mL),1,0
branch tube,1,0
branched tube (thermal gradient method),1,0
capped conical flask in preheated oven (closed glass vessel),1,0
capped glass scintillation vial,1,0
capped scintillation vial,1,0
clean tube (25 mL),1,0
closed 1 L reactor,1,0
closed 1.5 mL glass vial,1,0
closed bottle,1,0
closed glass tube,1,0
closed glass vessel,1,0
closed polypropylene bottle,1,0
closed vessel reactor (400 mL),1,0
closed vial,1,0
closed-capped bottle (20 mL),1,0
conical flask (covered with watch glass),1,0
conical flask with lid,1,0
crimp cap vial,1,0
crucible,1,0
"crystal tube (20 cm long), sealed",1,0
crystal tube (layering),1,0
digestion bomb (60 mL),1,0
disposable scintillation vial,1,0
flame-sealed Pyrex tube (evacuated to 15 mtorr),1,0
flame-sealed borosilicate glass tube (oil bath),1,0
flame-sealed borosilicate glass tubes,1,0
flame-sealed glass tube,1,0
flat-bottom flask,1,0
fused silica capillary reactor,1,0
glass 2-dram vial,1,0
glass Schott bottle (250 mL),1,0
glass beaker (250 mL),1,0
glass bottle (25 mL),1,0
"glass bottle (Schott Duran, 100 mL, PBT cap with PTFE seal)",1,0
glass bottle (screw-cap),1,0
"glass bottle, 30 mL",1,0
glass container (sealed with Parafilm),1,0
glass container tightly capped with a Teflon vial,1,0
glass culture dish (6 cm diameter),1,0
glass diffusion reactor (short path),1,0
glass jar (100 mL),1,0
"glass jar (250 mL), capped",1,0
glass jar with Teflon-lined screw cap,1,0
glass liner in Parr 4584 HT (5.5 L) autoclave,1,0
glass liner in Parr 4760 (160 mL) autoclave,1,0
glass microwave vial (30 mL),1,0
glass reaction flask (10 mL),1,0
glass reactor (25 mL),1,0
glass reactor with drying tube,1,0
glass reactor with reflux condenser,1,0
glass reagent bottle,1,0
glass scintillation vial (sand bath in oven),1,0
glass scintillation vial (sealed),1,0
glass scintillation vials (4 mL) in aluminum heating block,1,0
glass sealed flask,1,0
"glass test tube (20 cm length, 2 cm i.d.), silica gel diffusion",1,0
glass test tube (gel diffusion),1,0
glass test tube with screw cap,1,0
glass tube (14 mm i.d.),1,0
"glass tube (6 mL, I.D. 6.3 mm)",0,1
glass tube (microwave oven),1,0
glass tube (vacuum sealed),1,0
glass tube with Teflon screw cap (layering of three solutions),1,0
glass tube with Teflon screw cap (layering of two solutions),1,0
"glass tube, 25 mL",0,1
glass vial (1 dram),1,0
glass vial (1.5-dram),1,0
glass vial (CaCl2 desiccator),1,0
glass vial (closed),1,0
glass vial (crimp-sealed),1,0
glass vial (hydrothermal oven),1,0
glass vial (sealed loosely),1,0
glass vial (sealed; oven),1,0
glass vial in desiccator (TEA/hexane vapor),1,0
glass vial with screw cap (100 mL),1,0
"glass vial, loosely capped",1,0
glass vials (1-dram),1,0
"glass vials (2-dram for Zr6 solution; 1.5-dram for linker), sealed",1,0
"glass vials (20 mL), securely covered",1,0
"glass vials (20 mL), two",1,0
glass vials (air oven),1,0
glass vials (two 20 mL),1,0
hard glass tube (sealed),1,0
heat-resistant glass bottle (25 mL),1,0
heat-resistant glass vessel,1,0
hermetic Teflon bottle,1,0
high-pressure glass vial (200 mL),1,0
high-pressure reactor,1,0
high-pressure vessel,1,0
high-temperature-resistant Pyrex vial,1,0
homogeneous reactor (rotational crystallization),1,0
homogeneous reactor (rotational; dry-gel; solvent reduced to 4.0 g),1,0
hydrothermal chamber,1,0
hydrothermal kettle (Teflon-lined autoclave),1,0
in situ XRD reactor chamber,0,1
jar with inner vial,1,0
layered diffusion (glass vessel),1,0
layering tube,1,0
liquid–liquid diffusion,1,0
lyophilizer (freeze dryer),1,0
medium bottle (5 L),1,0
"microwave reactor (MD6H, 500 W, 2.0 atm)",1,0
microwave vial,1,0
microwave vial (4 mL),1,0
microwave vial (Biotage 0.5–2 mL glass reactor),0,1
microwave-inert glass tube,0,1
narrow glass tube (layering/solvent diffusion),1,0
narrow test tube,1,0
non-solvothermal vial (with pressure regulation),1,0
oil bath,1,0
open reaction tubes in desiccator (vapor diffusion),1,0
open vial,1,0
pressure reactor,1,0
pressure tube (120 mL),1,0
pressure-resistant vessel,1,0
pressurized vials,1,0
pyrex tube,1,0
pyrex vial,0,1
reaction kettle,1,0
reaction kettle (autoclave),1,0
reactor,1,0
reflux condenser (for dissolution); glass vessel for mixing,1,0
reflux condenser (glass flask),1,0
round bottom flask (25 mL),1,0
round bottom flask (with condenser),1,0
round-bottom flask (25 mL),1,0
"round-bottom flask (oil bath), ambient pressure",1,0
round-bottom flask (oil-bath),1,0
round-bottom flask (sealed),1,0
round-bottom flask with Allihn condenser,1,0
round-bottom flask with reflux (oil bath),1,0
round-bottomed flask (250 mL),1,0
sample tube with cap,1,0
sand bath in oven,1,0
scintillation vial (20 mL),1,0
scintillation vial (8 mL),1,0
screw cap 23 mL scintillation vial,1,0
screw cap vial (11 mL),1,0
screw cap vial (20 mL),1,0
screw-capped Erlenmeyer flask; divided into two 100 mL pressurized flasks,1,0
screw-capped flask,1,0
screw-capped glass vial (10 mL),1,0
screw-capped vial (6 mL),1,0
screw-top vial,1,0
screwcap bottle,1,0
sealed 10 g sample vial,1,0
sealed 10 mL glass vial,1,0
sealed 125 mL conical flask,1,0
sealed 25 mL Teflon-lined stainless steel vessel,1,0
sealed Duran glass tube,1,0
sealed Pyrex Schott bottle,1,0
"sealed Pyrex glass tube (15 cm length, 7 mm i.d.)",0,1
sealed Pyrex tube; oven,1,0
sealed Teflon cell (Teflon-lined autoclave),1,0
sealed Teflon-lined stainless steel vessel (25 mL),1,0
sealed borosilicate glass vial (microwave),0,1
sealed bottle (oven),1,0
sealed glass GC vials (2 mL),1,0
sealed glass bottle (50 mL),1,0
"sealed glass container (Teflon-wrapped neck), oven",1,0
sealed glass jar (500 mL),1,0
sealed glass jar (60 mL),1,0
sealed glass pressure tube,1,0
sealed glass scintillation jar,1,0
sealed glass tube (0.8 cm diameter),1,0
sealed glass tube (PBT cap with PTFE seal),1,0
sealed glass tube (type H),1,0
"sealed glass vial, 20 mL",1,0
sealed jar (oven),1,0
sealed polyethylene bottle,1,0
sealed scintillation vial,1,0
sealed test tube (layered diffusion),1,0
sealed thick Pyrex tube (evacuated ampoule),1,0
sealed vessel (static),1,0
serum bottle,1,0
"soak, static",1,0
solvothermal autoclave,1,0
spherical flask,1,0
spray dryer (AF-88),1,0
stainless steel Teflon-lined autoclave (23 mL),1,0
stainless steel autoclave with Teflon liner (23.0 mL),1,0
stainless steel bomb,1,0
stainless steel reactor (15 mL),1,0
stainless steel sealed vessel,1,0
stainless steel vessel (23.0 mL),1,0
stainless-steel Teflon-lined autoclave,1,0
stirred tank reactor (beaker),1,0
straight glass tube (sealed),0,1
test tube (layering),1,0
test tube (layering/solvent diffusion),1,0
test tube in sealed bottle (vapor diffusion),1,0
test tube with a screw cap,1,0
test tube; silica gel medium (tetramethoxysilane used to form gel),1,0
test tubes,1,0
thick Pyrex tube,1,0
thick glass jar,1,0
thick-glass jar (sealed),1,0
thick-walled glass bomb with Teflon screw cap,1,0
thin tube (inner diameter 1.0 cm),1,0
three-mouth flask,1,0
three-neck balloon,1,0
three-necked flask,1,0
tightly capped PFA (perfluoroalkoxy) flask,1,0
tightly capped vial,1,0
tightly sealed glass vial,0,1
tube (on rotator),1,0
two-arm glass branched tube,1,0
two-neck round-bottom flask with condenser,1,0
ultrasonic bath; oven,1,0
unsealed glass bottle,1,0
vial-in-vial diffusion,1,0
volumetric flask,1,0
