doi,article_trial_or_failure,article_trial_or_failure_notes,mof_name,crystal_code,metal_1,metal_1_abbr,metal_1_amount_text,metal_1_amount_value,metal_1_amount_unit,metal_2,metal_2_abbr,metal_2_amount_text,metal_2_amount_value,metal_2_amount_unit,metal_3,metal_3_abbr,metal_3_amount_text,metal_3_amount_value,metal_3_amount_unit,linker_1,linker_1_abbr,linker_1_amount_text,linker_1_amount_value,linker_1_amount_unit,linker_2,linker_2_abbr,linker_2_amount_text,linker_2_amount_value,linker_2_amount_unit,linker_3,linker_3_abbr,linker_3_amount_text,linker_3_amount_value,linker_3_amount_unit,modulator_1,modulator_1_abbr,modulator_1_amount_text,modulator_1_amount_value,modulator_1_amount_unit,modulator_2,modulator_2_abbr,modulator_2_amount_text,modulator_2_amount_value,modulator_2_amount_unit,solvent_main,solvent_main_abbr,solvent_main_amount_text,solvent_main_ml,solvent_secondary,solvent_secondary_abbr,solvent_secondary_amount_text,solvent_secondary_ml,temperature_c,temperature_c_text,time_h,time_text,vessel_type,stirring,washing_solvent,washing_cycles,activation_text,activation_temp_c,activation_time_h,crystal_morphology,yield_percent,crystal_size,topology_code,metal_cluster_connectivity,unit_cell_short,pore_diameter_A,BET_surface_area_m2g,air_stable,water_stable,tga_decomposition_temp_c,applications,reference,status,error
10.1038/s41560-018-0261-6,no,,PCN-222,,ZrCl4,,75 mg,0.321839,mmol,,,,,,,,,,,tetrakis(4-carboxyphenyl)porphyrin,H2TCPP,50 mg,0.0632271,mmol,,,,,,,,,,,benzoic acid,,2.7 g,2.7,g,,,,,,"N,N-diethylformamide",DEF,8 mL,8,,,,,120,,48,48 h,glass vial,sonicated 20 min; then static,,,,,,,,,csq,,,,,not_reported,not_reported,,,10.1038/s41560-018-0261-6,ok,
10.1038/s41560-018-0261-6,no,,PCN-224,,ZrCl4,,150 mg,0.643677,mmol,,,,,,,,,,,tetrakis(4-carboxyphenyl)porphyrin,H2TCPP,50 mg,0.0632271,mmol,,,,,,,,,,,benzoic acid,,2.0 g,2,g,,,,,,dimethylformamide,DMF,10 mL,10,,,,,120,,24,24 h,glass vial,sonicated 20 min; then static,,,,,,,,,csq,,,,,not_reported,not_reported,,,10.1038/s41560-018-0261-6,ok,
10.1038/s41560-018-0261-6,no,,MOF-808,,ZrOCl2·8H2O,,2.16 g,6.70292,mmol,,,,,,,,,,,"benzene-1,3,5-tricarboxylic acid",BTC,1.49 g,7.09051,mmol,,,,,,,,,,,formic acid,,133 mL,133,mL,,,,,,dimethylformamide,DMF,128 mL,128,,,,,110,,48,48 h,thick-glass jar (sealed),stirred 20 min before heating; then static,"DMF, acetone",,refluxed in DMF and acetone; air dried,,,,,,,,,,,not_reported,not_reported,,,10.1038/s41560-018-0261-6,ok,
10.1038/s41560-018-0261-6,no,,UiO-66,,ZrCl4,,"700 mg, 3 mmol",3,mmol,,,,,,,,,,,terephthalic acid,BDC,"500 mg, 3 mmol",3,mmol,,,,,,,,,,,acetic acid,,5 mL,5,mL,,,,,,dimethylformamide,DMF,20 mL,20,,,,,120,,24,24 h,round bottom flask,stirred,,,,,,,,,ftw,,,,,not_reported,not_reported,,,10.1038/s41560-018-0261-6,ok,
10.1038/s41560-018-0261-6,no,,MIL-101(Cr),,Cr(NO3)3·9H2O,,"400 mg, 1 mmol",1,mmol,,,,,,,,,,,terephthalic acid,BDC,"164 mg, 1 mmol",1,mmol,,,,,,,,,,,hydrofluoric acid (HF),,1 mmol,1,mmol,,,,,,water,H2O,4.8 mL,4.8,,,,,220,,8,8 h,Teflon-lined autoclave,static,,,,,,,,,mtm,,,,,not_reported,not_reported,,,10.1038/s41560-018-0261-6,ok,
10.1038/s41560-018-0261-6,no,,MOF-801,,ZrOCl2·8H2O,,10 mmol,10,mmol,,,,,,,,,,,fumaric acid,,10 mmol,10,mmol,,,,,,,,,,,formic acid,,11 mL,11,mL,,,,,,dimethylformamide,DMF,32 mL,32,,,,,130,,6,6 h,Teflon-lined autoclave,static,"DMF, MeOH",three times,150 °C under vacuum for 6 h,150,6,,,,,,,,827,not_reported,not_reported,,,10.1038/s41560-018-0261-6,ok,
10.1021/acs.cgd.6b01732,yes,No crystalline material without water layering or in homogeneous DMF/H2O.,calixMOF1,1519368,Cu(NO3)2·1H2O,,45 mg (0.205 mmol),0.205,mmol,,,,,,,,,,,tetracarboxylic meta-substituted four-wall aryl-extended calix[4]pyrrole,L1,400 mg (0.411 mmol),0.411,mmol,,,,,,,,,,,,,,,,,,,,,dimethylformamide,DMF,45 mL,45,water,H2O,21 mL (layered under DMF),21,100,100 °C,24,24 h,Teflon-lined autoclave,static,"DMF, EtOH",,dried at 80 °C for 24 h,80,24,blue crystalline powder; single crystals obtained under layered DMF/H2O,,,,Cu4(μ3-OH)2 cluster; two edge-sharing Cu3(OH) triangles,"a=16.241(2), b=16.868(3), c=26.290(2) Å, α=89.457(10)°, β=72.01(2)°, γ=88.243(14)°, P-1",,,not_reported,not_reported,200,,10.1021/acs.cgd.6b01732,ok,
10.1021/acsami.5c01476,yes,No solid with [EMIm]BF4 only; ethanol only gave 11.34% yield; interface gave 97.49%.,NH2-MIL-101(Fe),,FeCl3·6H2O,FeCl3·6H2O,270.3 mg,1.00003,mmol,,,,,,,,,,,2-aminoterephthalic acid,H2ATA,181.2 mg,1.00028,mmol,,,,,,,,,,,,,,,,,,,,,ethanol,EtOH,7 mL,7,1-ethyl-3-methylimidazolium tetrafluoroborate,,7 mL,7,25,room temperature,12,12 h,,,MeOH,,60 °C under vacuum,60,,stacked nanocrystals,97.49,60-100 nm,,,,,1886.7,not_reported,not_reported,250,CO2_capture;cycloaddition catalysis,10.1021/acsami.5c01476,ok,
10.1021/acsami.5c01476,yes,No solid with [EMIm]BF4 only; ethanol only gave 11.34% yield; interface gave 97.49%.,NH2-MIL-101(Fe),,FeCl3·6H2O,FeCl3·6H2O,675 mg,2.49729,mmol,,,,,,,,,,,2-aminoterephthalic acid,H2ATA,225 mg,1.24206,mmol,,,,,,,,,,,,,,,,,,,,,dimethylformamide,DMF,7.5 mL + 7.5 mL,15,,,,,110,110 °C,12,12 h,vial,,"DMF, EtOH",,60 °C under vacuum,60,,microcrystals,,0.44–0.80 μm,,,,,1852.3,not_reported,not_reported,250,CO2_capture;cycloaddition catalysis,10.1021/acsami.5c01476,ok,
10.1021/acs.cgd.6b01533,yes,"At ZrCl4/H2BDC = 1:2 with Cu2O (R=1.2), product was amorphous/low crystallinity (sample 3a).",UiO-66,,ZrCl4,ZrCl4,0.317 g (1.362 mmol),1.362,mmol,,,,,,,,,,,terephthalic acid,H2BDC,0.226 g (1.362 mmol),1.362,mmol,,,,,,,,,,,acetic acid,AcOH,2.5 mL,,,,,,,,dimethylformamide,DMF,30 mL,30,,,,,120,120 °C,24,24 h,Teflon-lined autoclave (100 mL),ultrasonicated to dissolve; static during heating,"DMF, MeOH, H2O",several times,dried under vacuum at 60 °C overnight,60,,octahedra,,mean crystal size ~265 nm,,,,,1358,not_reported,not_reported,,,10.1021/acs.cgd.6b01533,ok,
10.1021/acs.cgd.6b01533,yes,"At ZrCl4/H2BDC = 1:2 with Cu2O (R=1.2), product was amorphous/low crystallinity (sample 3a).",UiO-66,,ZrCl4,ZrCl4,0.317 g (1.362 mmol),1.362,mmol,,,,,,,,,,,terephthalic acid,H2BDC,0.226 g (1.362 mmol),1.362,mmol,,,,,,,,,,,acetic acid,AcOH,2.5 mL,,,cuprous oxide,Cu2O,0.136 mmol (R = 0.2),0.136,mmol,dimethylformamide,DMF,30 mL,30,,,,,120,120 °C,24,24 h,Teflon-lined autoclave (100 mL),ultrasonicated to dissolve; static during heating,"DMF, MeOH, H2O",several times,dried under vacuum at 60 °C overnight,60,,octahedra,,mean crystal size ~155 nm,,,,,1221,not_reported,not_reported,,,10.1021/acs.cgd.6b01533,ok,
10.1021/acs.cgd.6b01533,yes,"At ZrCl4/H2BDC = 1:2 with Cu2O (R=1.2), product was amorphous/low crystallinity (sample 3a).",UiO-66,,ZrCl4,ZrCl4,0.317 g (1.362 mmol),1.362,mmol,,,,,,,,,,,terephthalic acid,H2BDC,0.226 g (1.362 mmol),1.362,mmol,,,,,,,,,,,acetic acid,AcOH,2.5 mL,,,cuprous oxide,Cu2O,0.341 mmol (R = 0.5),0.341,mmol,dimethylformamide,DMF,30 mL,30,,,,,120,120 °C,24,24 h,Teflon-lined autoclave (100 mL),ultrasonicated to dissolve; static during heating,"DMF, MeOH, H2O",several times,dried under vacuum at 60 °C overnight,60,,octahedra,,mean crystal size ~96 nm,,,,,1240,not_reported,not_reported,,,10.1021/acs.cgd.6b01533,ok,
10.1021/acs.cgd.6b01533,yes,"At ZrCl4/H2BDC = 1:2 with Cu2O (R=1.2), product was amorphous/low crystallinity (sample 3a).",UiO-66,,ZrCl4,ZrCl4,0.317 g (1.362 mmol),1.362,mmol,,,,,,,,,,,terephthalic acid,H2BDC,0.226 g (1.362 mmol),1.362,mmol,,,,,,,,,,,acetic acid,AcOH,2.5 mL,,,cuprous oxide,Cu2O,0.681 mmol (R = 1.0),0.681,mmol,dimethylformamide,DMF,30 mL,30,,,,,120,120 °C,24,24 h,Teflon-lined autoclave (100 mL),ultrasonicated to dissolve; static during heating,"DMF, MeOH, H2O",several times,dried under vacuum at 60 °C overnight,60,,octahedra,,mean crystal size ~75 nm,,,,,1281,not_reported,not_reported,,,10.1021/acs.cgd.6b01533,ok,
10.1021/acs.cgd.6b01533,yes,"At ZrCl4/H2BDC = 1:2 with Cu2O (R=1.2), product was amorphous/low crystallinity (sample 3a).",UiO-66,,ZrCl4,ZrCl4,0.317 g (1.362 mmol),1.362,mmol,,,,,,,,,,,terephthalic acid,H2BDC,0.226 g (1.362 mmol),1.362,mmol,,,,,,,,,,,acetic acid,AcOH,2.5 mL,,,cuprous oxide,Cu2O,0.817 mmol (R = 1.2),0.817,mmol,dimethylformamide,DMF,30 mL,30,,,,,120,120 °C,24,24 h,Teflon-lined autoclave (100 mL),ultrasonicated to dissolve; static during heating,"DMF, MeOH, H2O",several times,dried under vacuum at 60 °C overnight,60,,nanocrystals,,mean crystal size ~48 nm,,,,,1164,not_reported,not_reported,,,10.1021/acs.cgd.6b01533,ok,
10.1021/acs.cgd.6b01533,yes,"At ZrCl4/H2BDC = 1:2 with Cu2O (R=1.2), product was amorphous/low crystallinity (sample 3a).",UiO-66,,ZrCl4,ZrCl4,0.317 g (1.362 mmol),1.362,mmol,,,,,,,,,,,terephthalic acid,H2BDC,0.226 g (1.362 mmol),1.362,mmol,,,,,,,,,,,acetic acid,AcOH,2.5 mL,,,cuprous oxide,Cu2O,1.021 mmol (R = 1.5),1.021,mmol,dimethylformamide,DMF,30 mL,30,,,,,120,120 °C,24,24 h,Teflon-lined autoclave (100 mL),ultrasonicated to dissolve; static during heating,"DMF, MeOH, H2O",several times,dried under vacuum at 60 °C overnight,60,,nanocrystals,,mean crystal size ~40 nm,,,,,1299,not_reported,not_reported,,,10.1021/acs.cgd.6b01533,ok,
10.1021/acs.cgd.6b01533,yes,"At ZrCl4/H2BDC = 1:2 with Cu2O (R=1.2), product was amorphous/low crystallinity (sample 3a).",UiO-66,,ZrCl4,ZrCl4,0.317 g (1.362 mmol),1.362,mmol,,,,,,,,,,,terephthalic acid,H2BDC,0.226 g (1.362 mmol),1.362,mmol,,,,,,,,,,,acetic acid,AcOH,2.5 mL,,,copper(I) chloride,CuCl,R = 0.5 (Cu/ZrCl4),,,dimethylformamide,DMF,30 mL,30,,,,,120,120 °C,24,24 h,Teflon-lined autoclave (100 mL),ultrasonicated to dissolve; static during heating,"DMF, MeOH, H2O",several times,dried under vacuum at 60 °C overnight,60,,octahedra,,mean crystal size ~91 nm,,,,,1318,not_reported,not_reported,,,10.1021/acs.cgd.6b01533,ok,
10.1021/acs.cgd.6b01533,yes,"At ZrCl4/H2BDC = 1:2 with Cu2O (R=1.2), product was amorphous/low crystallinity (sample 3a).",UiO-66,,ZrCl4,ZrCl4,0.317 g (1.362 mmol),1.362,mmol,,,,,,,,,,,terephthalic acid,H2BDC,0.226 g (1.362 mmol),1.362,mmol,,,,,,,,,,,acetic acid,AcOH,2.5 mL,,,copper(I) chloride,CuCl,R = 1.0 (Cu/ZrCl4),,,dimethylformamide,DMF,30 mL,30,,,,,120,120 °C,24,24 h,Teflon-lined autoclave (100 mL),ultrasonicated to dissolve; static during heating,"DMF, MeOH, H2O",several times,dried under vacuum at 60 °C overnight,60,,octahedra,,mean crystal size ~78 nm,,,,,1156,not_reported,not_reported,,,10.1021/acs.cgd.6b01533,ok,
10.1021/acs.cgd.6b01533,yes,"At ZrCl4/H2BDC = 1:2 with Cu2O (R=1.2), product was amorphous/low crystallinity (sample 3a).",UiO-66,,ZrCl4,ZrCl4,0.317 g (1.362 mmol),1.362,mmol,,,,,,,,,,,terephthalic acid,H2BDC,0.226 g (1.362 mmol),1.362,mmol,,,,,,,,,,,acetic acid,AcOH,2.5 mL,,,copper(I) chloride,CuCl,R = 1.2 (Cu/ZrCl4),,,dimethylformamide,DMF,30 mL,30,,,,,120,120 °C,24,24 h,Teflon-lined autoclave (100 mL),ultrasonicated to dissolve; static during heating,"DMF, MeOH, H2O",several times,dried under vacuum at 60 °C overnight,60,,octahedra,,mean crystal size ~61 nm,,,,,1286,not_reported,not_reported,,,10.1021/acs.cgd.6b01533,ok,
10.1021/acs.cgd.6b01533,yes,"At ZrCl4/H2BDC = 1:2 with Cu2O (R=1.2), product was amorphous/low crystallinity (sample 3a).",UiO-66,,ZrCl4,ZrCl4,0.317 g (1.362 mmol),1.362,mmol,,,,,,,,,,,terephthalic acid,H2BDC,0.226 g (1.362 mmol),1.362,mmol,,,,,,,,,,,acetic acid,AcOH,2.5 mL,,,copper(I) chloride,CuCl,R = 1.5 (Cu/ZrCl4),,,dimethylformamide,DMF,30 mL,30,,,,,120,120 °C,24,24 h,Teflon-lined autoclave (100 mL),ultrasonicated to dissolve; static during heating,"DMF, MeOH, H2O",several times,dried under vacuum at 60 °C overnight,60,,octahedra,,mean crystal size ~41 nm,,,,,1119,not_reported,not_reported,,,10.1021/acs.cgd.6b01533,ok,
10.1021/acs.cgd.6b01533,yes,"At ZrCl4/H2BDC = 1:2 with Cu2O (R=1.2), product was amorphous/low crystallinity (sample 3a).",UiO-66,,ZrCl4,ZrCl4,0.317 g (1.362 mmol),1.362,mmol,,,,,,,,,,,terephthalic acid,H2BDC,0.226 g (1.362 mmol),1.362,mmol,,,,,,,,,,,acetic acid,AcOH,2.5 mL,,,copper(I) iodide,CuI,R = 0.5 (Cu/ZrCl4),,,dimethylformamide,DMF,30 mL,30,,,,,120,120 °C,24,24 h,Teflon-lined autoclave (100 mL),ultrasonicated to dissolve; static during heating,"DMF, MeOH, H2O",several times,dried under vacuum at 60 °C overnight,60,,octahedra,,mean crystal size ~190 nm,,,,,,not_reported,not_reported,,,10.1021/acs.cgd.6b01533,ok,
10.1021/acs.cgd.6b01533,yes,"At ZrCl4/H2BDC = 1:2 with Cu2O (R=1.2), product was amorphous/low crystallinity (sample 3a).",UiO-66,,ZrCl4,ZrCl4,0.317 g (1.362 mmol),1.362,mmol,,,,,,,,,,,terephthalic acid,H2BDC,0.226 g (1.362 mmol),1.362,mmol,,,,,,,,,,,acetic acid,AcOH,2.5 mL,,,copper(I) iodide,CuI,R = 1.0 (Cu/ZrCl4),,,dimethylformamide,DMF,30 mL,30,,,,,120,120 °C,24,24 h,Teflon-lined autoclave (100 mL),ultrasonicated to dissolve; static during heating,"DMF, MeOH, H2O",several times,dried under vacuum at 60 °C overnight,60,,octahedra,,mean crystal size ~153 nm,,,,,,not_reported,not_reported,,,10.1021/acs.cgd.6b01533,ok,
10.1021/acs.cgd.6b01533,yes,"At ZrCl4/H2BDC = 1:2 with Cu2O (R=1.2), product was amorphous/low crystallinity (sample 3a).",UiO-66,,ZrCl4,ZrCl4,0.317 g (1.362 mmol),1.362,mmol,,,,,,,,,,,terephthalic acid,H2BDC,0.226 g (1.362 mmol),1.362,mmol,,,,,,,,,,,acetic acid,AcOH,2.5 mL,,,copper(I) iodide,CuI,R = 1.2 (Cu/ZrCl4),,,dimethylformamide,DMF,30 mL,30,,,,,120,120 °C,24,24 h,Teflon-lined autoclave (100 mL),ultrasonicated to dissolve; static during heating,"DMF, MeOH, H2O",several times,dried under vacuum at 60 °C overnight,60,,octahedra,,mean crystal size ~144 nm,,,,,,not_reported,not_reported,,,10.1021/acs.cgd.6b01533,ok,
10.1021/acs.cgd.6b01533,yes,"At ZrCl4/H2BDC = 1:2 with Cu2O (R=1.2), product was amorphous/low crystallinity (sample 3a).",UiO-66,,ZrCl4,ZrCl4,0.317 g (1.362 mmol),1.362,mmol,,,,,,,,,,,terephthalic acid,H2BDC,0.226 g (1.362 mmol),1.362,mmol,,,,,,,,,,,acetic acid,AcOH,2.5 mL,,,copper(I) iodide,CuI,R = 1.5 (Cu/ZrCl4),,,dimethylformamide,DMF,30 mL,30,,,,,120,120 °C,24,24 h,Teflon-lined autoclave (100 mL),ultrasonicated to dissolve; static during heating,"DMF, MeOH, H2O",several times,dried under vacuum at 60 °C overnight,60,,octahedra,,mean crystal size ~117 nm,,,,,,not_reported,not_reported,,,10.1021/acs.cgd.6b01533,ok,
10.1021/acs.cgd.6b01533,yes,"At ZrCl4/H2BDC = 1:2 with Cu2O (R=1.2), product was amorphous/low crystallinity (sample 3a).",UiO-66,,ZrCl4,ZrCl4,0.317 g (1.362 mmol),1.362,mmol,,,,,,,,,,,terephthalic acid,H2BDC,0.226 g (1.362 mmol),1.362,mmol,,,,,,,,,,,acetic acid,AcOH,2.5 mL,,,copper(I) bromide,CuBr,R = 0.5 (Cu/ZrCl4),,,dimethylformamide,DMF,30 mL,30,,,,,120,120 °C,24,24 h,Teflon-lined autoclave (100 mL),ultrasonicated to dissolve; static during heating,"DMF, MeOH, H2O",several times,dried under vacuum at 60 °C overnight,60,,octahedra,,mean crystal size ~224 nm,,,,,,not_reported,not_reported,,,10.1021/acs.cgd.6b01533,ok,
10.1021/acs.cgd.6b01533,yes,"At ZrCl4/H2BDC = 1:2 with Cu2O (R=1.2), product was amorphous/low crystallinity (sample 3a).",UiO-66,,ZrCl4,ZrCl4,0.317 g (1.362 mmol),1.362,mmol,,,,,,,,,,,terephthalic acid,H2BDC,0.226 g (1.362 mmol),1.362,mmol,,,,,,,,,,,acetic acid,AcOH,2.5 mL,,,copper(I) bromide,CuBr,R = 1.0 (Cu/ZrCl4),,,dimethylformamide,DMF,30 mL,30,,,,,120,120 °C,24,24 h,Teflon-lined autoclave (100 mL),ultrasonicated to dissolve; static during heating,"DMF, MeOH, H2O",several times,dried under vacuum at 60 °C overnight,60,,octahedra,,mean crystal size ~167 nm,,,,,,not_reported,not_reported,,,10.1021/acs.cgd.6b01533,ok,
10.1021/acs.cgd.6b01533,yes,"At ZrCl4/H2BDC = 1:2 with Cu2O (R=1.2), product was amorphous/low crystallinity (sample 3a).",UiO-66,,ZrCl4,ZrCl4,0.317 g (1.362 mmol),1.362,mmol,,,,,,,,,,,terephthalic acid,H2BDC,0.226 g (1.362 mmol),1.362,mmol,,,,,,,,,,,acetic acid,AcOH,2.5 mL,,,copper(I) bromide,CuBr,R = 1.2 (Cu/ZrCl4),,,dimethylformamide,DMF,30 mL,30,,,,,120,120 °C,24,24 h,Teflon-lined autoclave (100 mL),ultrasonicated to dissolve; static during heating,"DMF, MeOH, H2O",several times,dried under vacuum at 60 °C overnight,60,,octahedra,,mean crystal size ~150 nm,,,,,,not_reported,not_reported,,,10.1021/acs.cgd.6b01533,ok,
10.1021/acs.cgd.6b01533,yes,"At ZrCl4/H2BDC = 1:2 with Cu2O (R=1.2), product was amorphous/low crystallinity (sample 3a).",UiO-66,,ZrCl4,ZrCl4,0.317 g (1.362 mmol),1.362,mmol,,,,,,,,,,,terephthalic acid,H2BDC,0.226 g (1.362 mmol),1.362,mmol,,,,,,,,,,,acetic acid,AcOH,2.5 mL,,,copper(I) bromide,CuBr,R = 1.5 (Cu/ZrCl4),,,dimethylformamide,DMF,30 mL,30,,,,,120,120 °C,24,24 h,Teflon-lined autoclave (100 mL),ultrasonicated to dissolve; static during heating,"DMF, MeOH, H2O",several times,dried under vacuum at 60 °C overnight,60,,octahedra,,mean crystal size ~177 nm,,,,,,not_reported,not_reported,,,10.1021/acs.cgd.6b01533,ok,
10.1021/acs.cgd.6b01533,yes,"At ZrCl4/H2BDC = 1:2 with Cu2O (R=1.2), product was amorphous/low crystallinity (sample 3a).",UiO-66,,ZrCl4,ZrCl4,0.317 g (1.362 mmol),1.362,mmol,,,,,,,,,,,terephthalic acid,H2BDC,0.226 g (1.362 mmol),1.362,mmol,,,,,,,,,,,acetic acid,AcOH,2.5 mL,,,copper(II) chloride,CuCl2,R = 0.5 (Cu/ZrCl4),,,dimethylformamide,DMF,30 mL,30,,,,,120,120 °C,24,24 h,Teflon-lined autoclave (100 mL),ultrasonicated to dissolve; static during heating,"DMF, MeOH, H2O",several times,dried under vacuum at 60 °C overnight,60,,octahedra,,mean crystal size ~150 nm,,,,,,not_reported,not_reported,,,10.1021/acs.cgd.6b01533,ok,
10.1021/acs.cgd.6b01533,yes,"At ZrCl4/H2BDC = 1:2 with Cu2O (R=1.2), product was amorphous/low crystallinity (sample 3a).",UiO-66,,ZrCl4,ZrCl4,0.317 g (1.362 mmol),1.362,mmol,,,,,,,,,,,terephthalic acid,H2BDC,0.226 g (1.362 mmol),1.362,mmol,,,,,,,,,,,acetic acid,AcOH,2.5 mL,,,copper(II) chloride,CuCl2,R = 1.0 (Cu/ZrCl4),,,dimethylformamide,DMF,30 mL,30,,,,,120,120 °C,24,24 h,Teflon-lined autoclave (100 mL),ultrasonicated to dissolve; static during heating,"DMF, MeOH, H2O",several times,dried under vacuum at 60 °C overnight,60,,octahedra,,mean crystal size ~97 nm,,,,,,not_reported,not_reported,,,10.1021/acs.cgd.6b01533,ok,
10.1021/acs.cgd.6b01533,yes,"At ZrCl4/H2BDC = 1:2 with Cu2O (R=1.2), product was amorphous/low crystallinity (sample 3a).",UiO-66,,ZrCl4,ZrCl4,0.317 g (1.362 mmol),1.362,mmol,,,,,,,,,,,terephthalic acid,H2BDC,0.226 g (1.362 mmol),1.362,mmol,,,,,,,,,,,acetic acid,AcOH,2.5 mL,,,copper(II) chloride,CuCl2,R = 1.2 (Cu/ZrCl4),,,dimethylformamide,DMF,30 mL,30,,,,,120,120 °C,24,24 h,Teflon-lined autoclave (100 mL),ultrasonicated to dissolve; static during heating,"DMF, MeOH, H2O",several times,dried under vacuum at 60 °C overnight,60,,octahedra,,mean crystal size ~100 nm,,,,,,not_reported,not_reported,,,10.1021/acs.cgd.6b01533,ok,
10.1021/acs.cgd.6b01533,yes,"At ZrCl4/H2BDC = 1:2 with Cu2O (R=1.2), product was amorphous/low crystallinity (sample 3a).",UiO-66,,ZrCl4,ZrCl4,0.317 g (1.362 mmol),1.362,mmol,,,,,,,,,,,terephthalic acid,H2BDC,0.226 g (1.362 mmol),1.362,mmol,,,,,,,,,,,acetic acid,AcOH,2.5 mL,,,copper(II) chloride,CuCl2,R = 1.5 (Cu/ZrCl4),,,dimethylformamide,DMF,30 mL,30,,,,,120,120 °C,24,24 h,Teflon-lined autoclave (100 mL),ultrasonicated to dissolve; static during heating,"DMF, MeOH, H2O",several times,dried under vacuum at 60 °C overnight,60,,octahedra,,mean crystal size ~102 nm,,,,,,not_reported,not_reported,,,10.1021/acs.cgd.6b01533,ok,
10.1021/acs.cgd.6b01533,yes,"At ZrCl4/H2BDC = 1:2 with Cu2O (R=1.2), product was amorphous/low crystallinity (sample 3a).",UiO-66,,ZrCl4,ZrCl4,2.724 mmol,2.724,mmol,,,,,,,,,,,terephthalic acid,H2BDC,1.362 mmol,1.362,mmol,,,,,,,,,,,acetic acid,AcOH,2.5 mL,,,cuprous oxide,Cu2O,0.817 mmol (R = 1.2),0.817,mmol,dimethylformamide,DMF,30 mL,30,,,,,120,120 °C,24,24 h,Teflon-lined autoclave (100 mL),ultrasonicated to dissolve; static during heating,"DMF, MeOH, H2O",several times,dried under vacuum at 60 °C overnight,60,,octahedra,,mean crystal size ~105 nm,,,,,,not_reported,not_reported,,,10.1021/acs.cgd.6b01533,ok,
10.1016/j.cattod.2006.09.003,yes,Solvothermal reactions gave amorphous/microcrystalline solids; only TEA vapor diffusion at RT yielded crystals.,,,FeCl2·4H2O,,"0.15 g, 0.38 mmol",0.38,mmol,,,,,,,,,,,"2,3,5,6-tetrafluorobenzene-1,4-dicarboxylic acid",F4BDC,"0.03 g, 0.13 mmol",0.13,mmol,,,,,,,,,,,triethylamine,TEA,vapor diffusion,,,,,,,,dimethylformamide,DMF,1.0 mL,1,water,H2O,0.50 mL,0.5,25,room temperature,,,vapor diffusion setup (sealed vial),static,"DMF, hexanes, chloroform","DMF 3×, hexanes 3×; chloroform 3× then 10 h immersion",50 °C under vacuum for 6 h,50,6,brown rod-shaped crystals,64,0.38 × 0.10 × 0.10 mm,acs,Fe3O(O2C)6 trigonal prismatic SBU,"a=b=15.790(2) Å, c=16.050(2) Å, P63/mmc",14,,not_reported,no,250,hydrogen storage,10.1016/j.cattod.2006.09.003,ok,
10.1002/ejic.201000402,yes,No product formed if pH < 5 or > 6.5 for these syntheses.,,,CoCl2·6H2O,,"0.24 g, 1.0 mmol",1,mmol,,,,,,,,,,,"pyridine-3,5-dicarboxylate","3,5-pdc","0.17 g, 1.0 mmol",1,mmol,"1,1'-(1,4-butanediyl)bis(imidazole)",L2,"0.19 g, 1.0 mmol",1,mmol,,,,,,sodium hydroxide,NaOH,"0.08 g, 2.0 mmol",2,mmol,,,,,,water,H2O,7 mL,7,,,,,160,160 °C,72,3 d,Teflon-lined stainless steel vessel (autoclave),static,,,,,,purple crystals,56,,,,"a=9.4191(19) Å, b=12.478(3) Å, c=17.794(5) Å, β=115.00(2)°, P21/c",,,yes,not_reported,340,,10.1002/ejic.201000402,ok,
10.1002/chem.200801856,yes,Longer reaction times led to a mixture of MIL-96 and MIL-110.,MIL-110,,Al(NO3)3·9H2O,,"1.77 mmol, 665 mg",1.77,mmol,,,,,,,,,,,"trimethyl 1,3,5-benzenetricarboxylate",Me3btc,"1.19 mmol, 302 mg",1.19,mmol,,,,,,,,,,,nitric acid,HNO3,"4 mmol, 1 mL 4 M",4,mmol,,,,,,water,H2O,5 mL (270 mmol),5,,,,,210,210 °C,72,72 h,23 mL Teflon-lined steel Parr autoclave,,deionised water,,dried in air at room temperature,,,yellowish powder; hexagonal rod-like crystals,,5–30 μm,,Al8 octameric cluster with μ2-OH bridges,,16,,,,,,10.1002/chem.200801856,ok,
10.1002/chem.200801856,yes,Longer reaction times led to a mixture of MIL-96 and MIL-110.,MIL-110,,Al(NO3)3·9H2O,,"0.874 mmol, 328 mg",0.874,mmol,,,,,,,,,,,"trimethyl 1,3,5-benzenetricarboxylate",Me3btc,"0.436 mmol, 110 mg",0.436,mmol,,,,,,,,,,,sodium hydroxide,NaOH,"2 mmol, 0.5 mL 4 M",2,mmol,,,,,,water,H2O,5 mL (270 mmol),5,,,,,210,210 °C,3,3 h,23 mL Teflon-lined steel Parr autoclave,,deionised water,,dried in air at room temperature,,,white powder; hexagonal rod-like crystals,,0.3–5 μm,,Al8 octameric cluster with μ2-OH bridges,,16,,,,,,10.1002/chem.200801856,ok,
10.1002/chem.201901939,yes,High-Co sample E (Fe/Co batch 1:19) was X-ray amorphous.,NH2-MIL-88B(Fe),,FeCl3·6H2O,,2 mmol,2,mmol,,,,,,,,,,,2-aminoterephthalic acid,NH2-BDC,1 mmol,1,mmol,,,,,,,,,,,,,,,,,,,,,dimethylformamide,DMF,15 mL (7.5 mL + 7.5 mL),15,,,,,120,120 °C,24,24 h,Teflon-lined autoclave,static,"DMF, ethanol",,110 °C under vacuum overnight,110,,spindle-shaped crystals,,,,Fe3(μ3-O) trimeric SBU,,,83,,,,,10.1002/chem.201901939,ok,
10.1002/chem.201901939,yes,High-Co sample E (Fe/Co batch 1:19) was X-ray amorphous.,NH2-MIL-88B(Fe/Co),,FeCl3·6H2O,,1 mmol,1,mmol,CoCl2·6H2O,,1 mmol,1,mmol,,,,,,2-aminoterephthalic acid,NH2-BDC,1 mmol,1,mmol,,,,,,,,,,,,,,,,,,,,,dimethylformamide,DMF,15 mL (7.5 mL + 7.5 mL),15,,,,,120,120 °C,24,24 h,Teflon-lined autoclave,static,"DMF, ethanol",,110 °C under vacuum overnight,110,,spindle-shaped crystals,,,,M3(μ3-O) trimeric SBUs (Fe3 and Co3),,,51,,,,,10.1002/chem.201901939,ok,
10.1002/chem.201901939,yes,High-Co sample E (Fe/Co batch 1:19) was X-ray amorphous.,NH2-MIL-88B/MIL-101 (Fe/Co) mixed phase,,FeCl3·6H2O,,0.5 mmol,0.5,mmol,CoCl2·6H2O,,1.5 mmol,1.5,mmol,,,,,,2-aminoterephthalic acid,NH2-BDC,1 mmol,1,mmol,,,,,,,,,,,,,,,,,,,,,dimethylformamide,DMF,15 mL (7.5 mL + 7.5 mL),15,,,,,120,120 °C,24,24 h,Teflon-lined autoclave,static,"DMF, ethanol",,110 °C under vacuum overnight,110,,spindles and distorted octahedra,,,,M3(μ3-O) trimeric SBUs (Fe/Co),,,239,,,,,10.1002/chem.201901939,ok,
10.1002/chem.201901939,yes,High-Co sample E (Fe/Co batch 1:19) was X-ray amorphous.,NH2-MIL-88B(Fe/Co),,FeCl3·6H2O,,0.2 mmol,0.2,mmol,CoCl2·6H2O,,1.8 mmol,1.8,mmol,,,,,,2-aminoterephthalic acid,NH2-BDC,1 mmol,1,mmol,,,,,,,,,,,,,,,,,,,,,dimethylformamide,DMF,15 mL (7.5 mL + 7.5 mL),15,,,,,120,120 °C,24,24 h,Teflon-lined autoclave,static,"DMF, ethanol",,110 °C under vacuum overnight,110,,spindle-shaped crystals,,,,M3(μ3-O) trimeric SBUs (Fe/Co),,,12,,,,,10.1002/chem.201901939,ok,
10.1002/chem.201901939,yes,High-Co sample E (Fe/Co batch 1:19) was X-ray amorphous.,Co-MOF (NH2-BDC-Co),,CoCl2·6H2O,,2 mmol,2,mmol,,,,,,,,,,,2-aminoterephthalic acid,NH2-BDC,1 mmol,1,mmol,,,,,,,,,,,,,,,,,,,,,dimethylformamide,DMF,15 mL (7.5 mL + 7.5 mL),15,,,,,120,120 °C,24,24 h,Teflon-lined autoclave,static,"DMF, ethanol",,110 °C under vacuum overnight,110,,rod-like crystals,,,,,,,,,,,,10.1002/chem.201901939,ok,
10.1039/c3ce41095a,yes,"For 2, initial 30 h gave microcrystals not 2; additional HBF4 and reheating were required.",,943580,Cu(NO3)2·3H2O,,"0.030 g, 0.12 mmol",0.12,mmol,,,,,,,,,,,5-(bis(4-carboxybenzyl)amino)isophthalic acid monohydrate,H4L,"0.010 g, 0.02 mmol",0.02,mmol,,,,,,,,,,,tetrafluoroboric acid (40% in water),HBF4,3 drops (40% in water),,,,,,,,dimethylformamide,DMF,2 mL,2,,,,,75,75 °C,36,36 h,glass vial (sealed),static,"MeOH, dichloromethane","MeOH exchange 3 days, refreshed 6×; DCM exchange","Vacuum at room temperature overnight, then degassed at 80 °C for 10 h",80,10,green crystals,39,,,Cu2 paddle-wheel SBU,"monoclinic, C2/c; a=15.1849(4), b=17.0797(4), c=18.8731(4) Å, β=97.172(2)°, V=4856.5(2) Å3",,469,not_reported,not_reported,300,CO2_capture;hydrogen_storage,10.1039/c3ce41095a,ok,
10.1039/c3ce41095a,yes,"For 2, initial 30 h gave microcrystals not 2; additional HBF4 and reheating were required.",,943581,Cu(NO3)2·3H2O,,"0.030 g, 0.12 mmol",0.12,mmol,,,,,,,,,,,5-(bis(4-carboxybenzyl)amino)isophthalic acid monohydrate,H4L,"0.010 g, 0.02 mmol",0.02,mmol,,,,,,,,,,,tetrafluoroboric acid (40% in water),HBF4,"3 drops initially, then additional 4 drops (40% in water) after 30 h",,,,,,,,dimethylformamide,DMF,1 mL,1,methanol,MeOH,1 mL,1,75,75 °C,60,"30 h, add HBF4, then 30 h more (total 60 h)",glass vial (sealed),static,,,,,,green crystals,42,,,Cu2 paddle-wheel SBU,"triclinic, P-1; a=10.6325(9), b=10.7258(8), c=18.3532(14) Å, α=76.671(6)°, β=86.717(6)°, γ=74.278(7)°, V=1960.4(3) Å3",3.54,,not_reported,not_reported,300,,10.1039/c3ce41095a,ok,
10.1021/acs.inorgchem.0c02674,no,,UiO-(OH)2,,ZrOCl2·8H2O,,174.015 mg,0.540004,mmol,,,,,,,,,,,"2,5-dihydroxyterephthalic acid",H2DHT,146.6 mg,0.739918,mmol,,,,,,,,,,,hydrochloric acid,HCl,1 mL,1,mL,,,,,,dimethylformamide,DMF,15 mL,15,,,,,80,80 °C,12,overnight,stainless-steel Teflon-lined autoclave,,"DMF, ethanol",three times,dried in a vacuum oven at 50 °C,50,,"yellow powder, ~200 nm particles",,~200 nm,,Zr6O4(OH)4 12-connected SBU,,,319.6,not_reported,not_reported,,,10.1021/acs.inorgchem.0c02674,ok,
10.1021/acs.cgd.1c00385,yes,At pH ≈4.6 a 2D framework formed as a minor impurity; pH and ratios were critical for pure 2.,[Co2(dip)2(obb)2]·2H2O (1),2073675,Co(NO3)2·6H2O,,"0.149 g, 0.5 mmol",0.5,mmol,,,,,,,,,,,"2,6-di(1H-imidazol-1-yl)pyridine",dip,"0.106 g, 0.5 mmol",0.5,mmol,"4,4'-oxybis(benzoic acid)",obb,"0.129 g, 0.5 mmol",0.5,mmol,,,,,,NaOH solution (pH adjustment),,added dropwise to adjust to pH 8–9,,,,,,,,water,H2O,10 mL,10,,,,,140,140 °C,72,"heated to 140 °C over 12 h, maintained 72 h; cooled to 40 °C over 24 h",Teflon-lined autoclave (20 mL),static,"H2O, MeOH, DMF",,air-dried,,,dark purple crystals,59,,cag,4-connected Co(II) nodes; 3-fold interpenetrated,"a=16.2954(15), b=21.505(3), c=26.981(3), α=90, β=90, γ=90, Pbca",,,not_reported,not_reported,383,proton_conduction,10.1021/acs.cgd.1c00385,ok,
10.1021/acs.cgd.1c00385,yes,At pH ≈4.6 a 2D framework formed as a minor impurity; pH and ratios were critical for pure 2.,[Co2(dip)2(btec)(H2O)]·3H2O (2),2073662,Co(NO3)2·6H2O,,"0.149 g, 0.5 mmol",0.5,mmol,,,,,,,,,,,"2,6-di(1H-imidazol-1-yl)pyridine",dip,"0.106 g, 0.5 mmol",0.5,mmol,"1,2,4,5-benzenetetracarboxylic acid",btec,"0.1271 g, 0.5 mmol",0.5,mmol,,,,,,NaOH solution (pH adjustment),,added dropwise to adjust to pH 5.4,,,,,,,,water,H2O,10 mL,10,,,,,140,140 °C,72,"heated to 140 °C over 12 h, maintained 72 h; cooled to 40 °C over 24 h",Teflon-lined autoclave (20 mL),static,"H2O, MeOH, DMF",,air-dried,,,pink crystalline solid,78,,,[Co2(O)(COO)2]n cluster chains; noninterpenetrated,"a=7.1134(5), b=13.8053(11), c=18.4479(13), α=106.665(5), β=100.591(5), γ=97.996(5), P-1",,,not_reported,yes,397,proton_conduction,10.1021/acs.cgd.1c00385,ok,
10.1021/acs.inorgchem.3c04060,no,,UCY-16,,Cu(NO3)2·5/2H2O,,"0.08 g, 0.34 mmol",0.34,mmol,,,,,,,,,,,5-aminoisophthalic acid,H2AIP,"0.10 g, 0.55 mmol",0.55,mmol,,,,,,,,,,,,,,,,,,,,,dimethylformamide,DMF,8 mL,8,water,H2O,2 mL,2,100,100 °C,6,∼4 to 6 h,20 mL glass vial,static,DMF,3× (5 mL each),dried in air,,,green plates,82,,,Cu4(μ3-OH)2 butterfly-like SBU (two types),"a=21.6852(6), b=19.9666(4), c=31.8129(6) Å, Pbca",6,,not_reported,no,250,,10.1021/acs.inorgchem.3c04060,ok,
10.1021/cg201059d,yes,Screened metal:ligand ratios; <2:1 gave unassigned phases; low acidity gave tiny PCN-131 crystals; could not obtain pure PCN-1320 despite varying pH/solvents/ratios.,PCN-131,,Zn(NO3)2·6H2O,,"59.4 mg, 0.2 mmol",0.2,mmol,,,,,,,,,,,"anthracene-9,10-dicarboxylic acid",H2adc,"26.2 mg, 0.1 mmol",0.1,mmol,,,,,,,,,,,HBF4,,five drops,,,,,,,,dimethylformamide,DMF,1.5 mL + 1.5 mL,3,,,,,120,120 °C,168,1 week,Pyrex tube (sealed),static,"MeOH, CH2Cl2","soaked 3 days in MeOH, then 3 days in CH2Cl2",under high vacuum at room temperature for 3 h (framework decomposed),,3,light-yellow block crystals,56,,,μ3-oxo-trizinc [Zn3O(COO)6] SBU; 1D honeycomb channels,"P31c; a=15.58 Å, b=15.58 Å, c=16.52 Å",,,not_reported,not_reported,310,,10.1021/cg201059d,ok,
10.1021/cg201059d,yes,Screened metal:ligand ratios; <2:1 gave unassigned phases; low acidity gave tiny PCN-131 crystals; could not obtain pure PCN-1320 despite varying pH/solvents/ratios.,PCN-132,,Zn(NO3)2·6H2O,,"59.4 mg, 0.2 mmol",0.2,mmol,,,,,,,,,,,"anthracene-9,10-dicarboxylic acid",H2adc,"26.6 mg, 0.1 mmol",0.1,mmol,,,,,,,,,,,,,,,,,,,,,"N,N-dimethylacetamide",DMAc,1.5 mL + 1.5 mL,3,,,,,60,60 °C,72,3 days,Pyrex tube (sealed),static,,,,,,colorless block crystals,32,,,Zn2(CO2)4 paddle-wheel SBU; 2D layers,"P21/n; a=15.28 Å, b=19.70 Å, c=15.59 Å",,,not_reported,not_reported,350,,10.1021/cg201059d,ok,
10.1021/cg201059d,yes,Screened metal:ligand ratios; <2:1 gave unassigned phases; low acidity gave tiny PCN-131 crystals; could not obtain pure PCN-1320 despite varying pH/solvents/ratios.,PCN-1310,,Zn(NO3)2·6H2O,,"59.4 mg, 0.2 mmol",0.2,mmol,,,,,,,,,,,"anthracene-9,10-dicarboxylic acid",H2adc,"26.2 mg, 0.1 mmol",0.1,mmol,"4,4′-bipyridyl","4,4′-bpy","15.6 mg, 0.1 mmol",0.1,mmol,,,,,,HBF4,,three drops,,,,,,,,dimethylformamide,DMF,1.5 mL + 1.5 mL,3,,,,,120,120 °C,48,2 days,Pyrex tube (sealed),static,"MeOH, CH2Cl2","soaked 3 days in MeOH, then 3 days in CH2Cl2",80 °C under high vacuum for 10 h,80,10,yellow block crystals,46,,,μ3-oxo-trizinc carboxylate SBU; bpy arranged in channels,"P21/n; a=15.81 Å, b=26.42 Å, c=16.43 Å",,442.2,not_reported,not_reported,,CO2_capture;hydrogen_storage,10.1021/cg201059d,ok,
10.1021/cg201059d,yes,Screened metal:ligand ratios; <2:1 gave unassigned phases; low acidity gave tiny PCN-131 crystals; could not obtain pure PCN-1320 despite varying pH/solvents/ratios.,PCN-1320,,Zn(NO3)2·6H2O,,"59.4 mg, 0.2 mmol",0.2,mmol,,,,,,,,,,,"anthracene-9,10-dicarboxylic acid",H2adc,"26.2 mg, 0.1 mmol",0.1,mmol,"4,4′-bipyridyl","4,4′-bpy","15.6 mg, 0.1 mmol",0.1,mmol,,,,,,HBF4,,three drops,,,,,,,,dimethylformamide,DMF,1.5 mL + 1.5 mL,3,,,,,120,120 °C,48,2 days,Pyrex tube (sealed),static,,,,,,few colorless block crystals,18,,,"Zn2(CO2)4 paddle-wheel SBU pillared by 4,4′-bpy","I4/mcm; a=15.44 Å, b=15.44 Å, c=28.03 Å",,,not_reported,not_reported,,,10.1021/cg201059d,ok,
10.1016/j.micromeso.2015.07.001,yes,DMA solvent gave crystals unsuitable for data; replacing pyridine with pyrazine or DABCO gave no product.,,1051659,Cu(NO3)2·2H2O,,"0.07 mmol, 16 mg",0.07,mmol,,,,,,,,,,,"5,5′-(1,3-phenylenebis(methylene))bis(oxy)diisophthalic acid",H4L,"0.035 mmol, 16 mg",0.035,mmol,,,,,,,,,,,pyridine,py,0.5 mL,0.5,mL,nitric acid,HNO3,1 mL (3.5 M in DMF),1,mL,dimethylformamide,DMF,8 mL,8,,,,,85,85 °C,96,4 days,,,"MeOH, CH2Cl2","MeOH 3 days, refreshed six times; CH2Cl2 similarly","Vacuum at RT overnight, then 80 °C under vacuum for 10 h",80,10,blue block crystals,65,,,Cu2(COO)4 paddlewheel SBU,,16.14,1233,not_reported,not_reported,317,CO2_capture;hydrogen_storage,10.1016/j.micromeso.2015.07.001,ok,
10.1016/j.micromeso.2015.07.001,yes,DMA solvent gave crystals unsuitable for data; replacing pyridine with pyrazine or DABCO gave no product.,,1051660,Cu(NO3)2·2H2O,,"0.10 mmol, 23 mg",0.1,mmol,,,,,,,,,,,"5,5′-(1,3-phenylenebis(methylene))bis(oxy)diisophthalic acid",H4L,"0.05 mmol, 23 mg",0.05,mmol,,,,,,,,,,,nitric acid,HNO3,3 drops (2.5 M),,,,,,,,water,H2O,6 mL,6,ethanol,EtOH,3 mL,3,85,85 °C,96,4 days,Teflon-lined autoclave (15 mL),static,,,,,,blue block crystals,60,,,Cu2(COO)4 paddlewheel SBU,,,,not_reported,not_reported,284,CO2_capture;hydrogen_storage,10.1016/j.micromeso.2015.07.001,ok,
10.1016/j.ica.2004.07.029,yes,Attempted Fe analogue gave molecular [Fe(tpyprz)2]2[Mo8O26]·3.7H2O instead of target framework.,,,MoO3,,"0.161 g, 1.119 mmol",1.119,mmol,Co(CH3COO)2·4H2O,,"0.110 g, 0.442 mmol",0.442,mmol,,,,,,tetra-2-pyridylpyrazine,tpyprz,"0.086 g, 0.221 mmol",0.221,mmol,,,,,,,,,,,HF,,"0.153 g, 3.82 mmol",3.82,mmol,,,,,,water,H2O,"10.050 g, 558 mmol",,,,,,170,170 °C,48,48 h,Teflon-lined stainless steel autoclave (23 mL),static,,,,,,dark red crystals,25,0.38 × 0.10 × 0.10 mm,,a-Mo8O26 clusters linked by {Co2(tpyprz)(H2O)2}4+ into 2D layers,"a=10.179(2) Å, b=10.668(2) Å, c=11.205(2) Å, α=107.50(3)°, β=104.05(3)°, γ=100.44(3)°, triclinic",,,,,,,10.1016/j.ica.2004.07.029,ok,
10.1016/j.ica.2004.07.029,yes,Attempted Fe analogue gave molecular [Fe(tpyprz)2]2[Mo8O26]·3.7H2O instead of target framework.,,,MoO3,,"0.160 g, 1.112 mmol",1.112,mmol,Ni(CH3COO)2·4H2O,,"0.111 g, 0.446 mmol",0.446,mmol,,,,,,tetra-2-pyridylpyrazine,tpyprz,"0.086 g, 0.221 mmol",0.221,mmol,,,,,,,,,,,t-butylphosphonic acid,,"0.238 g, 1.723 mmol",1.723,mmol,HF,,"0.156 g, 3.90 mmol",3.9,mmol,water,H2O,"10.300 g, 572 mmol",,,,,,170,170 °C,48,48 h,Teflon-lined stainless steel autoclave (23 mL),static,,,,,,pale orange crystals,40,0.12 × 0.10 × 0.04 mm,,a-Mo8O26 clusters linked by {Ni2(tpyprz)(H2O)2}4+ into 2D layers,"a=10.1424(5) Å, b=10.6684(5) Å, c=11.1433(5) Å, α=108.124(1)°, β=103.680(1)°, γ=100.303(1)°, triclinic",,,,,,,10.1016/j.ica.2004.07.029,ok,
10.1016/j.ica.2004.07.029,yes,Attempted Fe analogue gave molecular [Fe(tpyprz)2]2[Mo8O26]·3.7H2O instead of target framework.,,,Mo7O24·4H2O,,"0.100 g, 0.081 mmol",0.081,mmol,Cu(CH3COO)2·1H2O,,"0.044 g, 0.220 mmol",0.22,mmol,,,,,,tetra-2-pyridylpyrazine,tpyprz,"0.043 g, 0.111 mmol",0.111,mmol,,,,,,,,,,,"4,4'-diphenylbisphosphonic acid",,"0.070 g, 0.223 mmol",0.223,mmol,,,,,,water,H2O,"10.211 g, 567 mmol",,,,,,200,200 °C,48,48 h,Teflon-lined stainless steel autoclave (23 mL),static,,,,,,dark purple blocks,,0.20 × 0.10 × 0.06 mm,,d-Mo8O26 clusters linked by {Cu2(tpyprz)}2 subunits into 2D layers,"a=11.413(1) Å, b=12.113(1) Å, c=12.514(1) Å, α=114.864(2)°, β=103.576(2)°, γ=93.308(2)°, triclinic",,,,,,,10.1016/j.ica.2004.07.029,ok,
10.1039/d1mh01663f,yes,"Screened modulator, time, temperature; some conditions gave amorphous/no solid; phase transformations observed.",MOF-235(Fe),,FeCl3·6H2O,,1 mmol,1,mmol,,,,,,,,,,,terephthalic acid,H2BDC,1 mmol,1,mmol,,,,,,,,,,,,,,,,,,,,,dimethylformamide,DMF,10 mL,10,,,,,120,120 °C,24,24 h,50 mL Pyrex reagent jar,,"DMF, DCM",3× each,dried under vacuum overnight,,,,,,acs,Fe3O 6-connected SBU; [FeCl4−] counterion in pores,,,,not_reported,not_reported,,,10.1039/d1mh01663f,ok,
10.1039/d1mh01663f,yes,"Screened modulator, time, temperature; some conditions gave amorphous/no solid; phase transformations observed.",MIL-53(Fe),2088536,FeCl2·4H2O,,1 mmol,1,mmol,,,,,,,,,,,terephthalic acid,H2BDC,1 mmol,1,mmol,,,,,,,,,,,,,,,,,,,,,dimethylformamide,DMF,10 mL,10,,,,,150,150 °C,72,3 days,50 mL Pyrex reagent jar,,DMF,several times,,,,yellow needle-shaped crystals,,0.16 × 0.04 × 0.03 mm,,Fe(OH) 1D chain SBU,"a=6.8403(12), b=10.7142(18), c=10.7928(18) Å, P-1 (150 K)",,,not_reported,not_reported,,,10.1039/d1mh01663f,ok,
10.1039/d1mh01663f,yes,"Screened modulator, time, temperature; some conditions gave amorphous/no solid; phase transformations observed.",[Fe(DMF)(BDC)],2088533,Fe(BF4)2·6H2O,,1 mmol,1,mmol,,,,,,,,,,,terephthalic acid,H2BDC,1 mmol,1,mmol,,,,,,,,,,,,,,,,,,,,,dimethylformamide,DMF,10 mL,10,,,,,150,150 °C,72,3 days,50 mL Pyrex reagent jar,,DMF,several times,,,,yellow polyhedral crystals,,0.08 × 0.07 × 0.03 mm,,1D Fe(DMF) chain SBU,"a=19.4334(19), b=7.2431(7), c=8.7675(9) Å, Pnma (150 K)",,,not_reported,not_reported,,,10.1039/d1mh01663f,ok,
10.1039/d1mh01663f,yes,"Screened modulator, time, temperature; some conditions gave amorphous/no solid; phase transformations observed.",,2088534,Fe(BF4)2·6H2O,,1 mmol,1,mmol,,,,,,,,,,,terephthalic acid,H2BDC,1 mmol,1,mmol,,,,,,,,,,,acetic acid,AA,40 mmol (40 eq.),40,mmol,,,,,,dimethylformamide,DMF,10 mL,10,,,,,120,120 °C,24,24 h,50 mL Pyrex reagent jar,,DMF,several times,,,,orange hexagonal-shaped crystals (hexagonal plates),,0.12 × 0.10 × 0.01 mm,acs,Fe3O 6-connected SBU; [BF4−] counterions in pores,"a=b=12.6391(8), c=18.3551(14) Å, P-62c (150 K)",,,not_reported,not_reported,,,10.1039/d1mh01663f,ok,
10.1039/d1mh01663f,yes,"Screened modulator, time, temperature; some conditions gave amorphous/no solid; phase transformations observed.",MIL-88B(Fe),2088535,Fe(SO4)·7H2O,,0.05 mmol,0.05,mmol,,,,,,,,,,,terephthalic acid,H2BDC,0.05 mmol,0.05,mmol,,,,,,,,,,,acetic acid,AA,0.2 mL,,,,,,,,dimethylformamide,DMF,4 mL,4,,,,,120,120 °C,24,24 h,25 mL Pyrex reagent jar,,DMF,several times,,,,orange hexagonal rod-shaped crystals,,0.13 × 0.03 × 0.03 mm,acs,Fe3O 6-connected SBU,"a=b=13.9105(12), c=17.6608(13) Å, P63/mmc (150 K)",,,not_reported,not_reported,,,10.1039/d1mh01663f,ok,
10.1039/d1mh01663f,yes,"Screened modulator, time, temperature; some conditions gave amorphous/no solid; phase transformations observed.",Fe–BDC-Br,2088537,Fe(SO4)·7H2O,,0.05 mmol,0.05,mmol,,,,,,,,,,,2-bromoterephthalic acid,,0.05 mmol,0.05,mmol,,,,,,,,,,,acetic acid,AA,0.2 mL,,,,,,,,dimethylformamide,DMF,4 mL,4,,,,,120,120 °C,24,24 h,25 mL Pyrex reagent jar,,DMF,several times,,,,dark red block-shaped crystals,,0.33 × 0.30 × 0.06 mm,snw,Fe3O 6-connected mixed-valence SBU,"a=b=16.3069(11), c=52.852(4) Å, I41/amd (150 K)",,,not_reported,not_reported,,,10.1039/d1mh01663f,ok,
10.1016/j.ica.2012.01.011,yes,"Other diphosphonate/ligand combinations gave intractable microcrystalline mixtures; only L5 or L7 with 1,4-butylenediphosphonic acid yielded crystals.",,851855,Cu(CH3COO)2,,"0.046 g, 0.38 mmol",0.38,mmol,MoO3,,"0.130 g, 0.90 mmol",0.9,mmol,,,,,,"1,4-butylenediphosphonic acid",,"0.076 g, 0.35 mmol",0.35,mmol,"N1,N1,N7,N7-tetrakis(2-pyridylmethyl)heptane-1,7-diamine",L7,"0.100 g, 0.20 mmol",0.2,mmol,,,,,,hydrofluoric acid (48 wt.% in H2O),HF,210 μL,,,,,,,,water,H2O,10 mL,10,,,,,100,100 °C,48,48 h,Teflon-lined autoclave (23 mL PTFE-lined stainless steel container),static,,,,,,dark green crystals,38,,,{Cu2Mo5O15(O3P)2}n chain via Cu(II) linkers,"a=19.469(1) Å, b=22.026(1) Å, c=13.2319(7) Å, β=117.7(1)°, C2/c",,,not_reported,not_reported,,,10.1016/j.ica.2012.01.011,ok,
10.1016/j.ica.2012.01.011,yes,"Other diphosphonate/ligand combinations gave intractable microcrystalline mixtures; only L5 or L7 with 1,4-butylenediphosphonic acid yielded crystals.",,851856,Cu(CH3COO)2,,"0.046 g, 0.38 mmol",0.38,mmol,MoO3,,"0.130 g, 0.90 mmol",0.9,mmol,,,,,,"1,4-butylenediphosphonic acid",,"0.060 g, 0.275 mmol",0.275,mmol,"N1,N1,N5,N5-tetrakis(2-pyridylmethyl)pentane-1,5-diamine",L5,"0.050 g, 0.107 mmol",0.107,mmol,,,,,,hydrofluoric acid (48 wt.% in H2O),HF,160 μL,,,,,,,,water,H2O,10 mL,10,,,,,100,100 °C,48,48 h,Teflon-lined autoclave (23 mL PTFE-lined stainless steel container),static,,,,,,green needles,45,,,{Cu2Mo6O18(H2O)(O3P)2}n chain via Cu(II) linkers,"a=19.113(3) Å, b=18.617(3) Å, c=18.959(2) Å, Pnma",,,not_reported,not_reported,,,10.1016/j.ica.2012.01.011,ok,
10.1039/b713705b,yes,"Solvo-/hydrothermal screenings with varied solvents, times, temperatures, and cooling gave only amorphous solids.",,,Cu2(MeCOO)4·2H2O,,"0.038 g, 0.095 mmol",0.095,mmol,,,,,,,,,,,hexacarboxylic polychlorotriphenylmethyl radical,PTMHC,"0.05 g, 0.063 mmol",0.063,mmol,"4,4'-bipyridine",bipy,"0.030 g, 0.20 mmol",0.2,mmol,,,,,,,,,,,,,,,,water,H2O,10 mL,10,tetrahydrofuran,THF,"10 mL (solution of 4,4'-bipyridine)",10,25,room temperature,1080,slow diffusion over 45 days,,static,,,,,,dark red crystals,29,,,Cu(II) square pyramidal; 3-connected Cu nodes with 6-connected PTMHC; two interpenetrating pcu nets cross-linked by bipy,"a=22.3534(4) Å, c=41.1462(3) Å, R-3c (Trigonal)",,,not_reported,not_reported,,,10.1039/b713705b,ok,
10.1039/b713705b,yes,"Solvo-/hydrothermal screenings with varied solvents, times, temperatures, and cooling gave only amorphous solids.",,,Cu2(MeCOO)4·2H2O,,"0.038 g, 0.095 mmol",0.095,mmol,,,,,,,,,,,aH-PTMHC,aH-PTMHC,"0.05 g, 0.063 mmol",0.063,mmol,"4,4'-bipyridine",bipy,"0.030 g, 0.20 mmol",0.2,mmol,,,,,,,,,,,,,,,,water,H2O,10 mL,10,ethanol,EtOH,"10 mL (solution of 4,4'-bipyridine)",10,25,room temperature,480,slow diffusion over 20 days,,static,,,,,,dark green crystals,50,,,Cu(II) square pyramidal; 3-connected Cu nodes with 6-connected aH-PTMHC; two interpenetrating pcu nets cross-linked by bipy,"a=22.4479(5) Å, c=41.1720(6) Å, R-3c (Trigonal)",,,not_reported,not_reported,,,10.1039/b713705b,ok,
10.1039/c6nj00822d,yes,Compound 2 under slow evaporation showed poor repeatability; conditions sensitive and PXRD varied; other Ln gave microcrystalline solids under similar conditions.,,,La(CH3SO3)3,,8 mmol,8,mmol,,,,,,,,,,,2-nitroterephthalic acid,H2NTA,0.5 mmol,0.5,mmol,,,,,,,,,,,sodium hydroxide,NaOH,"0.35 M, 2.85 mL (for deprotonation)",2.85,mL,sodium hydroxide,NaOH,"0.35 M, added dropwise to pH 5.8–6.1",,,water,H2O,9 mL (metal solution) + 4 mL (ligand solution),13,,,,,180,180 °C,72,3 days,25 mL Teflon-lined stainless steel autoclave,static,,,Slow evaporation of clear solution at 70–80 °C for 5 days; air-dried.,75,120,colourless parallelepiped crystals,8,,pcu,rod-like La–O–C SBUs,"P-1, a=8.3712 Å, b=9.8819 Å, c=10.2680 Å, α=105.245°, β=105.311°, γ=93.668°",,,yes,not_reported,375,,10.1039/c6nj00822d,ok,
10.1039/c6nj00822d,yes,Compound 2 under slow evaporation showed poor repeatability; conditions sensitive and PXRD varied; other Ln gave microcrystalline solids under similar conditions.,,,Nd(CH3SO3)3,,4 mmol,4,mmol,,,,,,,,,,,2-nitroterephthalic acid,H2NTA,0.5 mmol,0.5,mmol,,,,,,,,,,,sodium hydroxide,NaOH,"0.35 M, 2.85 mL (for deprotonation)",2.85,mL,sodium hydroxide,NaOH,"0.35 M, added dropwise to pH 5.8–6.0",,,water,H2O,7 mL (metal solution) + 4 mL (ligand solution),11,,,,,180,180 °C,72,3 days,25 mL Teflon-lined stainless steel autoclave,static,,,Filtered and air-dried.,,,colorless columnar crystals,20,,nbo,rod-like Nd–O–C SBUs,"Pbca, a=6.9070 Å, b=21.897 Å, c=23.151 Å",,,yes,not_reported,420,,10.1039/c6nj00822d,ok,
10.1039/c6nj00822d,yes,Compound 2 under slow evaporation showed poor repeatability; conditions sensitive and PXRD varied; other Ln gave microcrystalline solids under similar conditions.,,,Sm(CH3SO3)3,,4 mmol,4,mmol,,,,,,,,,,,2-nitroterephthalic acid,H2NTA,0.5 mmol,0.5,mmol,,,,,,,,,,,sodium hydroxide,NaOH,"0.35 M, 2.85 mL (for deprotonation)",2.85,mL,sodium hydroxide,NaOH,"0.35 M, added dropwise to pH 5.5–5.8",,,water,H2O,9 mL (metal solution) + 4 mL (ligand solution),13,,,,,180,180 °C,72,3 days,25 mL Teflon-lined stainless steel autoclave,static,,,Filtered and air-dried.,,,colourless parallelepiped crystals,20,,,rod-like Sm–O–C SBUs via binuclear Sm2(COO)2 units,,,,yes,not_reported,,,10.1039/c6nj00822d,ok,
10.1039/c6nj00822d,yes,Compound 2 under slow evaporation showed poor repeatability; conditions sensitive and PXRD varied; other Ln gave microcrystalline solids under similar conditions.,,,Eu(CH3SO3)3,,4 mmol,4,mmol,,,,,,,,,,,2-nitroterephthalic acid,H2NTA,0.5 mmol,0.5,mmol,,,,,,,,,,,sodium hydroxide,NaOH,"0.35 M, 2.85 mL (for deprotonation)",2.85,mL,sodium hydroxide,NaOH,"0.35 M, added dropwise to pH 5.5–5.8",,,water,H2O,9 mL (metal solution) + 4 mL (ligand solution),13,,,,,180,180 °C,72,3 days,25 mL Teflon-lined stainless steel autoclave,static,,,Filtered and air-dried.,,,colourless parallelepiped crystals,25,,,rod-like Eu–O–C SBUs via binuclear Eu2(COO)2 units,"C2/c, a=16.7909 Å, b=11.3883 Å, c=15.3276 Å, β=90.119°",,,yes,not_reported,375,luminescence,10.1039/c6nj00822d,ok,
10.1039/c6nj00822d,yes,Compound 2 under slow evaporation showed poor repeatability; conditions sensitive and PXRD varied; other Ln gave microcrystalline solids under similar conditions.,,,Gd(CH3SO3)3,,4 mmol,4,mmol,,,,,,,,,,,2-nitroterephthalic acid,H2NTA,0.5 mmol,0.5,mmol,,,,,,,,,,,sodium hydroxide,NaOH,"0.35 M, 2.85 mL (for deprotonation)",2.85,mL,sodium hydroxide,NaOH,"0.35 M, added dropwise to pH 5.5–5.8",,,water,H2O,9 mL (metal solution) + 4 mL (ligand solution),13,,,,,180,180 °C,72,3 days,25 mL Teflon-lined stainless steel autoclave,static,,,Filtered and air-dried.,,,colourless parallelepiped crystals,26,,,rod-like Gd–O–C SBUs via binuclear Gd2(COO)2 units,,,,yes,not_reported,,,10.1039/c6nj00822d,ok,
10.1039/c6nj00822d,yes,Compound 2 under slow evaporation showed poor repeatability; conditions sensitive and PXRD varied; other Ln gave microcrystalline solids under similar conditions.,,,Tb(CH3SO3)3,,4 mmol,4,mmol,,,,,,,,,,,2-nitroterephthalic acid,H2NTA,0.5 mmol,0.5,mmol,,,,,,,,,,,sodium hydroxide,NaOH,"0.35 M, 2.85 mL (for deprotonation)",2.85,mL,sodium hydroxide,NaOH,"0.35 M, added dropwise to pH 5.5–5.8",,,water,H2O,9 mL (metal solution) + 4 mL (ligand solution),13,,,,,180,180 °C,72,3 days,25 mL Teflon-lined stainless steel autoclave,static,,,Filtered and air-dried.,,,colourless parallelepiped crystals,33,,,rod-like Tb–O–C SBUs via binuclear Tb2(COO)2 units,"C2/c, a=16.7322 Å, b=11.3501 Å, c=15.2871 Å, β=90.040°",,,yes,not_reported,300,luminescence,10.1039/c6nj00822d,ok,
10.1039/c6nj00822d,yes,Compound 2 under slow evaporation showed poor repeatability; conditions sensitive and PXRD varied; other Ln gave microcrystalline solids under similar conditions.,,,Er(CH3SO3)3,,4 mmol,4,mmol,,,,,,,,,,,2-nitroterephthalic acid,H2NTA,0.5 mmol,0.5,mmol,,,,,,,,,,,sodium hydroxide,NaOH,"0.35 M, 2.85 mL (for deprotonation)",2.85,mL,sodium hydroxide,NaOH,"0.35 M, added dropwise to pH 5.5–5.8",,,water,H2O,9 mL (metal solution) + 4 mL (ligand solution),13,,,,,180,180 °C,72,3 days,25 mL Teflon-lined stainless steel autoclave,static,,,Filtered and air-dried.,,,pink parallelepiped crystals,30,,,rod-like Er–O–C SBUs via binuclear Er2(COO)2 units,"C2/c, a=16.6713 Å, b=11.2905 Å, c=15.2129 Å, β=90.224°",,,yes,not_reported,375,,10.1039/c6nj00822d,ok,
10.1021/ic000209d,yes,Other trivalent lanthanide analogues were not successful.,[Er(C9H9O6)(H2O)2]·2.5H2O,,Er(NO3)3·5H2O,,"0.353 g, 0.80 mmol",0.8,mmol,,,,,,,,,,,"cis,cis-1,3,5-cyclohexanetricarboxylic acid",H3CTC,"0.216 g, 1.0 mmol",1,mmol,,,,,,,,,,,,,,,,,,,,,water,H2O,15 mL,15,,,,,170,170 °C,24,24 h,Teflon-lined Parr bomb,static,"water, ethanol, acetone",thoroughly,air-dried,,,"large, pink crystals",80,0.12 × 0.10 × 0.04 mm,,Er(III) 9-coordinate; carboxylate-bridged,"a=13.4186(2) Å, b=12.2468(2) Å, c=15.9193(3) Å, β=92.1430(10)°, C 2/c",4.7,,not_reported,not_reported,480,,10.1021/ic000209d,ok,
10.1021/ja905690t,yes,"Disappearing pseudopolymorphs (8,10 could not be reproduced later); single crystals unobtained for 4 and 6.",[Ca(L-Tar)(H2O)2]·2H2O,,Ca(CH3COO)2,,"176.2 mg, 1 mmol",1,mmol,,,,,,,,,,,L-tartaric acid,,"150.2 mg, 1 mmol",1,mmol,,,,,,,,,,,,,,,,,,,,,water,H2O,10 mL,10,,,,,25,room temperature (RT),0.1,immediate precipitation,glass scintillation vial,static,water,,,,,white powder,,,,I0O3,,,,,,,,10.1021/ja905690t,ok,
10.1021/ja905690t,yes,"Disappearing pseudopolymorphs (8,10 could not be reproduced later); single crystals unobtained for 4 and 6.",[Ca(L-Tar)],,Ca(CH3COO)2,,"176.2 mg, 1 mmol",1,mmol,,,,,,,,,,,L-tartaric acid,,"150.1 mg, 1 mmol",1,mmol,,,,,,,,,,,,,,,,,,,,,water,H2O,10 mL,10,,,,,125,125 °C,48,48 h,PTFE-lined stainless steel autoclave,static,water,,,,,colorless crystals,91,,,I1O2 3-D framework,"C2221; a=7.6418 Å, b=9.9656 Å, c=7.2395 Å",,,,,,,10.1021/ja905690t,ok,
10.1021/ja905690t,yes,"Disappearing pseudopolymorphs (8,10 could not be reproduced later); single crystals unobtained for 4 and 6.","[Ca(D,L-Tar)(H2O)4]",,Ca(CH3COO)2,,"176.2 mg, 1 mmol",1,mmol,,,,,,,,,,,"D,L-tartaric acid",,"150.1 mg, 1 mmol",1,mmol,,,,,,,,,,,,,,,,,,,,,water,H2O,10 mL,10,,,,,60,60 °C,48,48 h,glass scintillation vial,static,water,,,,,colorless crystals,72,,,I0O1 (1-D coordination polymer),"P-1; a=6.2584 Å, b=8.251 Å, c=10.448 Å; α=94.887°, β=105.914°, γ=107.662°",,,,,,,10.1021/ja905690t,ok,
10.1021/ja905690t,yes,"Disappearing pseudopolymorphs (8,10 could not be reproduced later); single crystals unobtained for 4 and 6.","[Ca(D,L-Tar)]2·H2O",,Ca(CH3COO)2,,"176.2 mg, 1 mmol",1,mmol,,,,,,,,,,,"D,L-tartaric acid",,"150.1 mg, 1 mmol",1,mmol,,,,,,,,,,,,,,,,,,,,,water,H2O,10 mL,10,,,,,200,200 °C,48,48 h,PTFE-lined stainless steel autoclave,static,water,,,,,white to off-white powder,,,,,,,,,,,,10.1021/ja905690t,ok,
10.1021/ja905690t,yes,"Disappearing pseudopolymorphs (8,10 could not be reproduced later); single crystals unobtained for 4 and 6.",[Ca(meso-Tar)(H2O)2]·H2O,,Ca(CH3COO)2,,"176.1 mg, 1 mmol",1,mmol,,,,,,,,,,,meso-tartaric acid hydrate,,"168.3 mg, 1 mmol",1,mmol,,,,,,,,,,,,,,,,,,,,,water,H2O,10 mL,10,,,,,25,room temperature (RT),0.1,immediate precipitation,glass scintillation vial,static,water,,,,,white powder,,,,I0O2 (2-D overall),,,,,,,,10.1021/ja905690t,ok,
10.1021/ja905690t,yes,"Disappearing pseudopolymorphs (8,10 could not be reproduced later); single crystals unobtained for 4 and 6.",[Ca(meso-Tar)]·2H2O,,Ca(CH3COO)2,,"176.0 mg, 1 mmol",1,mmol,,,,,,,,,,,meso-tartaric acid hydrate,,"168.0 mg, 1 mmol",1,mmol,,,,,,,,,,,,,,,,,,,,,water,H2O,10 mL,10,,,,,100,100 °C,48,48 h,PTFE-lined stainless steel autoclave,static,water,,,,,numerous colorless very fine plates,74,,,,,,,,,,,10.1021/ja905690t,ok,
10.1021/ja905690t,yes,"Disappearing pseudopolymorphs (8,10 could not be reproduced later); single crystals unobtained for 4 and 6.",[Ca(meso-Tar)],,Ca(CH3COO)2,,"176.2 mg, 1 mmol",1,mmol,,,,,,,,,,,meso-tartaric acid hydrate,,"168.1 mg, 1 mmol",1,mmol,,,,,,,,,,,,,,,,,,,,,water,H2O,10 mL,10,,,,,150,150 °C,48,48 h,PTFE-lined stainless steel autoclave,static,water,,,,,colorless crystals,61,,,I1O2 3-D framework,"C2/c; a=17.593 Å, b=7.906 Å, c=9.462 Å; β=121.066°",,,,,,,10.1021/ja905690t,ok,
10.1021/ja905690t,yes,"Disappearing pseudopolymorphs (8,10 could not be reproduced later); single crystals unobtained for 4 and 6.",[Sr(L-Tar)(H2O)2]·2H2O,,Sr(CH3COO)2,,"205.9 mg, 1 mmol",1,mmol,,,,,,,,,,,L-tartaric acid,,"150.3 mg, 1 mmol",1,mmol,,,,,,,,,,,,,,,,,,,,,water,H2O,10 mL,10,,,,,25,"room temperature (RT, uncovered)",144,6 days,glass scintillation vial,static,water,,,,,large colorless blocks,,,,I0O3,,,,,,,,10.1021/ja905690t,ok,
10.1021/ja905690t,yes,"Disappearing pseudopolymorphs (8,10 could not be reproduced later); single crystals unobtained for 4 and 6.",[Sr(L-Tar)(H2O)3],,Sr(CH3COO)2,,"205.8 mg, 1 mmol",1,mmol,,,,,,,,,,,L-tartaric acid,,"150.2 mg, 1 mmol",1,mmol,,,,,,,,,,,,,,,,,,,,,water,H2O,10 mL,10,,,,,60,60 °C,48,48 h (closed vial),glass scintillation vial,static,water,,,,,colorless fine rectangular plates,,,,,P-1 (reported previously),,,,,,,10.1021/ja905690t,ok,
10.1021/ja905690t,yes,"Disappearing pseudopolymorphs (8,10 could not be reproduced later); single crystals unobtained for 4 and 6.",[Sr(L-Tar)(H2O)],,Sr(CH3COO)2,,"205.7 mg, 1 mmol",1,mmol,,,,,,,,,,,L-tartaric acid,,"150.1 mg, 1 mmol",1,mmol,,,,,,,,,,,,,,,,,,,,,water,H2O,10 mL,10,,,,,60,60 °C,48,48 h,glass scintillation vial,static,water,,,,,colorless crystals (hexagonal plates),93,,,I1O2 3-D overall (1-D M–O–M chains),"P21; a=6.6143 Å, b=7.1191 Å, c=7.8433 Å; β=98.334°",,,,,,,10.1021/ja905690t,ok,
10.1021/ja905690t,yes,"Disappearing pseudopolymorphs (8,10 could not be reproduced later); single crystals unobtained for 4 and 6.",[Sr(L-Tar)],,Sr(CH3COO)2,,"205.7 mg, 1 mmol",1,mmol,,,,,,,,,,,L-tartaric acid,,"150.1 mg, 1 mmol",1,mmol,,,,,,,,,,,,,,,,,,,,,water,H2O,10 mL,10,,,,,150,150 °C,48,48 h,PTFE-lined stainless steel autoclave,static,water,,,,,colorless crystals,65,,,I1O2 3-D framework,"C2221; a=7.8865 Å, b=10.0448 Å, c=7.5186 Å",,,,,,,10.1021/ja905690t,ok,
10.1021/ja905690t,yes,"Disappearing pseudopolymorphs (8,10 could not be reproduced later); single crystals unobtained for 4 and 6.","[Sr(D,L-Tar)(H2O)4]",,Sr(CH3COO)2,,"205.7 mg, 1 mmol",1,mmol,,,,,,,,,,,"D,L-tartaric acid",,"150.1 mg, 1 mmol",1,mmol,,,,,,,,,,,,,,,,,,,,,water,H2O,10 mL,10,,,,,100,100 °C,48,48 h,PTFE-lined stainless steel autoclave,static,water,,,,,colorless crystals,73,,,I0O1 (1-D coordination polymer),"P-1; a=6.4031 Å, b=8.4315 Å, c=10.4933 Å; α=95.196°, β=106.402°, γ=107.052°",,,,,,,10.1021/ja905690t,ok,
10.1021/ja905690t,yes,"Disappearing pseudopolymorphs (8,10 could not be reproduced later); single crystals unobtained for 4 and 6.",[Sr(meso-Tar)],,Sr(CH3COO)2,,"205.7 mg, 1 mmol",1,mmol,,,,,,,,,,,meso-tartaric acid hydrate,,"168.1 mg, 1 mmol",1,mmol,,,,,,,,,,,,,,,,,,,,,water,H2O,10 mL,10,,,,,125,125 °C,48,48 h,PTFE-lined stainless steel autoclave,static,water,,,,,colorless crystals,76,,,I1O2 3-D framework,"C2/c; a=18.306 Å, b=8.0984 Å, c=9.6058 Å; β=121.334°",,,,,,,10.1021/ja905690t,ok,
10.1021/ja905690t,yes,"Disappearing pseudopolymorphs (8,10 could not be reproduced later); single crystals unobtained for 4 and 6.",[Ba(L-Tar)],,Ba(CH3COO)2,,"255.5 mg, 1 mmol",1,mmol,,,,,,,,,,,L-tartaric acid,,"150.2 mg, 1 mmol",1,mmol,,,,,,,,,,,,,,,,,,,,,water,H2O,10 mL,10,,,,,25,room temperature (RT),24,12–24 h (stirred),glass vial,stirred,water,thoroughly,,,,white powder,,,,I1O2 (1-D Ba–O chains; 3-D overall),"P212121; a=8.328 Å, b=10.116 Å, c=7.2451 Å (literature)",,,,,,,10.1021/ja905690t,ok,
10.1021/ja905690t,yes,"Disappearing pseudopolymorphs (8,10 could not be reproduced later); single crystals unobtained for 4 and 6.","[Ba2(D,L-Tar)2(H2O)5]",,Ba(CH3COO)2,,"64.0 mg, 0.25 mmol",0.25,mmol,,,,,,,,,,,"D,L-tartaric acid",,"37.8 mg, 0.25 mmol",0.25,mmol,,,,,,,,,,,,,,,,,,,,,water,H2O,20 mL,20,,,,,25,"room temperature (RT, uncovered)",48,1–2 days (evaporation),glass vial,static,water,,,,,small colorless crystals (forms with 16 as mixture),,,,I1O1 (2-D layers; 1-D M–O–M),"C2/c; a=18.7973 Å, b=5.1127 Å, c=18.5512 Å; β=104.305°",,,,,,,10.1021/ja905690t,ok,
10.1021/ja905690t,yes,"Disappearing pseudopolymorphs (8,10 could not be reproduced later); single crystals unobtained for 4 and 6.","[Ba(D,L-Tar)(H2O)2]",,Ba(CH3COO)2,,"64.0 mg, 0.25 mmol",0.25,mmol,,,,,,,,,,,"D,L-tartaric acid",,"37.8 mg, 0.25 mmol",0.25,mmol,,,,,,,,,,,,,,,,,,,,,water,H2O,20 mL,20,,,,,25,"room temperature (RT, uncovered)",48,1–2 days (evaporation),glass vial,static,water,,,,,small colorless crystals (forms with 15 as mixture),,,,I1O1 (2-D layers; 1-D M–O–M),"P21/c; a=6.4820 Å, b=7.9770 Å, c=16.6234 Å; β=95.501°",,,,,,,10.1021/ja905690t,ok,
10.1021/ja905690t,yes,"Disappearing pseudopolymorphs (8,10 could not be reproduced later); single crystals unobtained for 4 and 6.","[Ba(D,L-Tar)]",,Ba(CH3COO)2,,"255.4 mg, 1 mmol",1,mmol,,,,,,,,,,,"D,L-tartaric acid",,"150.1 mg, 1 mmol",1,mmol,,,,,,,,,,,,,,,,,,,,,water,H2O,10 mL,10,,,,,60,60 °C,48,48 h,PTFE-lined stainless steel autoclave,static,water,,,,,colorless crystals,95,,,I3O0 framework (3-D Ba–O–Ba),"P21/c; a=8.328 Å, b=10.116 Å, c=7.2451 Å; β=91.338°",,,,,,,10.1021/ja905690t,ok,
10.1021/ja905690t,yes,"Disappearing pseudopolymorphs (8,10 could not be reproduced later); single crystals unobtained for 4 and 6.",[Ba(meso-Tar)(H2O)],,Ba(CH3COO)2,,"255.4 mg, 1 mmol",1,mmol,,,,,,,,,,,meso-tartaric acid hydrate,,"168.1 mg, 1 mmol",1,mmol,,,,,,,,,,,,,,,,,,,,,water,H2O,10 mL,10,,,,,100,100 °C,48,48 h,PTFE-lined stainless steel autoclave,static,water,,,,,colorless crystals,94,,,I1O2 (1-D Ba–O–Ba chains; 3-D overall),"C2/c; a=10.8268 Å, b=9.9887 Å, c=8.5250 Å; β=126.588°",,,,,,,10.1021/ja905690t,ok,
10.1002/ejic.201301010,yes,CeIII and PrIII attempts yielded formate/unknown phases; pure phase analogues unsuccessful.,[Y2(bpdc)3(H2O)4],951357,Y(NO3)3·6H2O,Y(NO3)3·6H2O,46 mg (0.12 mmol),0.12,mmol,,,,,,,,,,,"2,2'-bipyridine-5,5'-dicarboxylate",bpdc,44 mg (0.18 mmol),0.18,mmol,,,,,,,,,,,,,,,,,,,,,dimethylformamide,DMF,"6 mL (from DMF/H2O 1:1, total 12 mL)",6,water,H2O,"6 mL (from DMF/H2O 1:1, total 12 mL)",6,120,120 °C,72,72 h,Teflon-lined autoclave,"stirred 30 min at RT, then heated (static)",H2O,,,,,pale green crystals,60.4,,,rodlike metal–carboxylate double chain SBU; 8-coordinate MO8,,,,not_reported,not_reported,580,luminescence,10.1002/ejic.201301010,ok,
10.1002/anie.202000299,yes,"Additives without histidine (e.g., PEG, PVA, PVP, antibiotics, SiO2, Fe3O4) or histidine-free rGST failed to give ZPF-1; DIA-1 formed instead.",DIA-1,,Zn(NO3)2·6H2O,,0.143 g,0.480711,mmol,,,,,,,,,,,pyrimidin-2-ol,,0.138 g,1.43615,mmol,,,,,,,,,,,,,,,,,,,,,water,H2O,2.4 mL + 4.8 mL,7.2,,,,,25,room temperature,0.5,30 min,,,H2O,twice,,,,prismatic particles,,,dia,,,,,not_reported,not_reported,,,10.1002/anie.202000299,ok,
10.1002/anie.202000299,yes,"Additives without histidine (e.g., PEG, PVA, PVP, antibiotics, SiO2, Fe3O4) or histidine-free rGST failed to give ZPF-1; DIA-1 formed instead.",ZPF-1,1959213,Zn(NO3)2·6H2O,,"0.2 M, 2.4 mL (in H2O)",0.48,mmol,,,,,,,,,,,pyrimidin-2-ol,,"0.3 M, 4.8 mL (in H2O)",1.44,mmol,,,,,,,,,,,histidine,His,4.44 mg,4.44,mg,,,,,,water,H2O,total 7.2 mL across solutions,7.2,,,,,25,room temperature,0.5,30 min,,,H2O,twice,,,,,,,sod,,"a=23.2031(5), b=23.2031(5), c=12.4786(3) Å, α=90°, β=90°, γ=120°, R3m",6,,not_reported,not_reported,,protein_encapsulation;biocatalysis,10.1002/anie.202000299,ok,
10.1002/anie.202000299,yes,"Additives without histidine (e.g., PEG, PVA, PVP, antibiotics, SiO2, Fe3O4) or histidine-free rGST failed to give ZPF-1; DIA-1 formed instead.",ZPF-1,1959213,Zn(NO3)2·6H2O,,"0.2 M, 2.4 mL (in H2O)",0.48,mmol,,,,,,,,,,,pyrimidin-2-ol,,"0.3 M, 4.8 mL (in H2O)",1.44,mmol,,,,,,,,,,,histidine,His,5.55 mg,5.55,mg,,,,,,water,H2O,total 7.2 mL across solutions,7.2,,,,,25,room temperature,0.5,30 min,,,H2O,twice,,,,,,,sod,,"a=23.2031(5), b=23.2031(5), c=12.4786(3) Å, α=90°, β=90°, γ=120°, R3m",6,,not_reported,not_reported,,protein_encapsulation;biocatalysis,10.1002/anie.202000299,ok,
10.1002/anie.202000299,yes,"Additives without histidine (e.g., PEG, PVA, PVP, antibiotics, SiO2, Fe3O4) or histidine-free rGST failed to give ZPF-1; DIA-1 formed instead.",ZPF-1,1959213,Zn(NO3)2·6H2O,,"0.2 M, 2.4 mL (in H2O)",0.48,mmol,,,,,,,,,,,pyrimidin-2-ol,,"0.3 M, 4.8 mL (in H2O)",1.44,mmol,,,,,,,,,,,histidine,His,7.40 mg,7.4,mg,,,,,,water,H2O,total 7.2 mL across solutions,7.2,,,,,25,room temperature,0.5,30 min,,,H2O,twice,,,,,,,sod,,"a=23.2031(5), b=23.2031(5), c=12.4786(3) Å, α=90°, β=90°, γ=120°, R3m",6,,not_reported,not_reported,,protein_encapsulation;biocatalysis,10.1002/anie.202000299,ok,
10.1002/anie.202000299,yes,"Additives without histidine (e.g., PEG, PVA, PVP, antibiotics, SiO2, Fe3O4) or histidine-free rGST failed to give ZPF-1; DIA-1 formed instead.",ZPF-1,1959213,Zn(NO3)2·6H2O,,0.143 g,0.480711,mmol,,,,,,,,,,,pyrimidin-2-ol,,0.138 g,1.43615,mmol,,,,,,,,,,,2-methyl imidazole,HMIM,0.039 g,0.039,g,,,,,,water,H2O,2.4 mL + 4.8 mL,7.2,,,,,25,room temperature,0.5,30 min,,,H2O,twice,,,,,,,sod,,"a=23.2031(5), b=23.2031(5), c=12.4786(3) Å, α=90°, β=90°, γ=120°, R3m",6,,not_reported,not_reported,,protein_encapsulation;biocatalysis,10.1002/anie.202000299,ok,
10.1002/cctc.201402546,yes,Zr-NDC-NH2(100) gave amorphous solid; 50% sample also amorphous.,Zr-NDC,,ZrCl4,ZrCl4,"0.4 g, 1.7 mmol",1.7,mmol,,,,,,,,,,,"2,6-naphthalenedicarboxylic acid",NDC,1.7 mmol,1.7,mmol,,,,,,,,,,,acetic acid,AcOH,"2.85 mL, 850 mmol",,,water,H2O,"0.125 mL, 0.007 mmol",,,dimethylformamide,DMF,75 mL + 25 mL,100,,,,,120,120 °C,24,24 h,,static,"DMF, THF",DMF 10 mL; THF several times,100 °C under reduced pressure for 3 h,100,3,octahedra,80,~0.4 μm,,Zr6O4(OH)4 12-connected SBU,,,1340,not_reported,not_reported,,Knoevenagel;cascade_reactions,10.1002/cctc.201402546,ok,
10.1002/cctc.201402546,yes,Zr-NDC-NH2(100) gave amorphous solid; 50% sample also amorphous.,Zr-NDC-NH2(20),,ZrCl4,ZrCl4,"0.4 g, 1.7 mmol",1.7,mmol,,,,,,,,,,,"2,6-naphthalenedicarboxylic acid",NDC,1.36 mmol,1.36,mmol,"4-aminonaphthalene-2,6-dicarboxylic acid",NDC-NH2,0.34 mmol,0.34,mmol,,,,,,acetic acid,AcOH,"2.85 mL, 850 mmol",,,water,H2O,"0.125 mL, 0.007 mmol",,,dimethylformamide,DMF,75 mL + 25 mL,100,,,,,120,120 °C,24,24 h,,static,"DMF, THF",DMF 10 mL; THF several times,100 °C under reduced pressure for 3 h,100,3,octahedra,80,~0.4 μm,,Zr6O4(OH)4 12-connected SBU,,,1053.6,yes,not_reported,518,Knoevenagel;cascade_reactions,10.1002/cctc.201402546,ok,
10.1002/cctc.201402546,yes,Zr-NDC-NH2(100) gave amorphous solid; 50% sample also amorphous.,Zr-NDC-NH2(35),,ZrCl4,ZrCl4,"0.4 g, 1.7 mmol",1.7,mmol,,,,,,,,,,,"2,6-naphthalenedicarboxylic acid",NDC,1.105 mmol,1.105,mmol,"4-aminonaphthalene-2,6-dicarboxylic acid",NDC-NH2,0.595 mmol,0.595,mmol,,,,,,acetic acid,AcOH,"2.85 mL, 850 mmol",,,water,H2O,"0.125 mL, 0.007 mmol",,,dimethylformamide,DMF,75 mL + 25 mL,100,,,,,120,120 °C,24,24 h,,static,"DMF, THF",DMF 10 mL; THF several times,100 °C under reduced pressure for 3 h,100,3,octahedra,80,~0.4 μm,,Zr6O4(OH)4 12-connected SBU,,,,not_reported,not_reported,,Knoevenagel;cascade_reactions,10.1002/cctc.201402546,ok,
10.1039/c3dt53167h,yes,Pure ethanol or pure water gave no crystalline product; L/M ratios and temperatures were scanned; best at L/M 0.8 and 140 °C.,,969636,Al2(SO4)3·18H2O,,"0.125 mmol, 0.0833 g",0.125,mmol,,,,,,,,,,,"(2,4,6-trimethylbenzene-1,3,5-triyl)tris(methylene)triphosphonic acid",H6L,"0.2 mmol, 0.0841 g",0.2,mmol,,,,,,,,,,,,,,,,,,,,,ethanol,EtOH,9 mL,9,water,H2O,1 mL,1,140,140 °C,72,3 days,Teflon-lined autoclave,stirred (before sealing),deionized water,,"solvent-exchanged in acetone for three weeks, then 100 °C under vacuum (~10^-6 mbar) for 6 h",100,6,colorless cubic crystals,88,,,AlO6 octahedra; 1D aluminum phosphate chains,"a=35.285(3), b=35.285(3), c=12.398(3) Å, α=90°, β=90°, γ=120°, R-3",12.4,687.2,not_reported,yes,,CO2_capture;hydrogen storage,10.1039/c3dt53167h,ok,
10.1021/cg401825f,yes,"No suitable product at 100, 140, 160 °C; above pH 6.0 gave amorphous products.",,956417,La(NO3)3,,0.5 mmol,0.5,mmol,,,,,,,,,,,"1,4-naphthalenedicarboxylic acid",H2NDC,0.5 mmol,0.5,mmol,,,,,,,,,,,"bis(2,2′-biimidazole)",BBI,0.5 mmol,0.5,mmol,,,,,,water,H2O,10 mL,10,,,,,120,120 °C,72,3 days,Teflon-lined autoclave,static,,,,,,block single crystals,40,,,"dinuclear Ln SBU; (8,8)-connected net",,,,yes,not_reported,307,,10.1021/cg401825f,ok,
10.1021/cg401825f,yes,"No suitable product at 100, 140, 160 °C; above pH 6.0 gave amorphous products.",,956418,Pr(NO3)3,,0.5 mmol,0.5,mmol,,,,,,,,,,,"1,4-naphthalenedicarboxylic acid",H2NDC,0.5 mmol,0.5,mmol,,,,,,,,,,,"bis(2,2′-biimidazole)",BBI,0.5 mmol,0.5,mmol,,,,,,water,H2O,10 mL,10,,,,,120,120 °C,72,3 days,Teflon-lined autoclave,static,,,,,,block single crystals,35,,,"dinuclear Ln SBU; (8,8)-connected net",,,,yes,not_reported,,,10.1021/cg401825f,ok,
10.1021/cg401825f,yes,"No suitable product at 100, 140, 160 °C; above pH 6.0 gave amorphous products.",,956419,Sm(NO3)3,,0.5 mmol,0.5,mmol,,,,,,,,,,,"1,4-naphthalenedicarboxylic acid",H2NDC,0.5 mmol,0.5,mmol,,,,,,,,,,,"bis(2,2′-biimidazole)",BBI,0.5 mmol,0.5,mmol,,,,,,water,H2O,10 mL,10,,,,,120,120 °C,72,3 days,Teflon-lined autoclave,static,,,,,,block single crystals,37,,,"dinuclear Ln SBU; (8,8)-connected net",,,,yes,not_reported,309,,10.1021/cg401825f,ok,
10.1021/cg401825f,yes,"No suitable product at 100, 140, 160 °C; above pH 6.0 gave amorphous products.",,956420,Eu(NO3)3,,0.5 mmol,0.5,mmol,,,,,,,,,,,"1,4-naphthalenedicarboxylic acid",H2NDC,0.5 mmol,0.5,mmol,,,,,,,,,,,"bis(2,2′-biimidazole)",BBI,0.5 mmol,0.5,mmol,,,,,,water,H2O,10 mL,10,,,,,120,120 °C,72,3 days,Teflon-lined autoclave,static,,,,,,block single crystals,25,,,"dinuclear Ln SBU; (8,8)-connected net",,,,yes,not_reported,,luminescence,10.1021/cg401825f,ok,
10.1021/cg401825f,yes,"No suitable product at 100, 140, 160 °C; above pH 6.0 gave amorphous products.",,956421,Gd(NO3)3,,0.5 mmol,0.5,mmol,,,,,,,,,,,"1,4-naphthalenedicarboxylic acid",H2NDC,0.5 mmol,0.5,mmol,,,,,,,,,,,"bis(2,2′-biimidazole)",BBI,0.5 mmol,0.5,mmol,,,,,,water,H2O,10 mL,10,,,,,120,120 °C,72,3 days,Teflon-lined autoclave,static,,,,,,block single crystals,30,,,"dinuclear Ln SBU; (8,8)-connected net",,,,yes,not_reported,305,,10.1021/cg401825f,ok,
10.1021/cg401825f,yes,"No suitable product at 100, 140, 160 °C; above pH 6.0 gave amorphous products.",,956422,Tb(NO3)3,,0.5 mmol,0.5,mmol,,,,,,,,,,,"1,4-naphthalenedicarboxylic acid",H2NDC,0.5 mmol,0.5,mmol,,,,,,,,,,,"bis(2,2′-biimidazole)",BBI,0.5 mmol,0.5,mmol,,,,,,water,H2O,10 mL,10,,,,,120,120 °C,72,3 days,Teflon-lined autoclave,static,,,,,,block single crystals,20,,,"dinuclear Ln SBU; (8,8)-connected net",,,,yes,not_reported,,,10.1021/cg401825f,ok,
10.1021/cg401825f,yes,"No suitable product at 100, 140, 160 °C; above pH 6.0 gave amorphous products.",,956423,Dy(NO3)3,,0.5 mmol,0.5,mmol,,,,,,,,,,,"1,4-naphthalenedicarboxylic acid",H2NDC,0.5 mmol,0.5,mmol,,,,,,,,,,,"bis(2,2′-biimidazole)",BBI,0.5 mmol,0.5,mmol,,,,,,water,H2O,10 mL,10,,,,,120,120 °C,72,3 days,Teflon-lined autoclave,static,,,,,,block single crystals,32,,,"dinuclear Ln SBU; (8,8)-connected net",,,,yes,not_reported,,,10.1021/cg401825f,ok,
10.1021/cg401825f,yes,"No suitable product at 100, 140, 160 °C; above pH 6.0 gave amorphous products.",,956424,Er(NO3)3,,0.5 mmol,0.5,mmol,,,,,,,,,,,"1,4-naphthalenedicarboxylic acid",H2NDC,0.5 mmol,0.5,mmol,,,,,,,,,,,"bis(2,2′-biimidazole)",BBI,0.5 mmol,0.5,mmol,,,,,,water,H2O,10 mL,10,,,,,120,120 °C,72,3 days,Teflon-lined autoclave,static,,,,,,block single crystals,23,,,"dinuclear Ln SBU; (8,8)-connected net",,,,yes,not_reported,,,10.1021/cg401825f,ok,
10.1039/c2ce25081k,yes,Changing solvent system or metal salt anion gave only crystalline powder; other stoichiometries gave very low yield.,,,Cu(ClO4)2·6H2O,,"74.2 mg, 0.2 mmol",0.2,mmol,,,,,,,,,,,"2-p-methoxyphenyl-1H-imidazole-4,5-dicarboxylic acid",H3MOPhIDC,"26.2 mg, 0.1 mmol",0.1,mmol,,,,,,,,,,,triethylamine,Et3N,"0.028 mL, 0.2 mmol",0.2,mmol,,,,,,water,H2O,"MeOH/H2O (3:4), 7 mL total",7,methanol,MeOH,"MeOH/H2O (3:4), 7 mL total",,150,150 °C,96,96 h,25 mL Teflon-lined stainless steel autoclave,,water,,,,,block-shaped black crystals,67,,,,,,,not_reported,not_reported,,magnetism,10.1039/c2ce25081k,ok,
10.1039/c2ce25081k,yes,Changing solvent system or metal salt anion gave only crystalline powder; other stoichiometries gave very low yield.,,,Zn(CH3COO)2·2H2O,,"22.0 mg, 0.1 mmol",0.1,mmol,,,,,,,,,,,"2-p-methoxyphenyl-1H-imidazole-4,5-dicarboxylic acid",H3MOPhIDC,"26.2 mg, 0.1 mmol",0.1,mmol,"2,2'-bipyridine",bipy,"15.6 mg, 0.1 mmol",0.1,mmol,,,,,,triethylamine,Et3N,pH adjusted to 8.0 (volume not specified),,,,,,,,ethanol,EtOH,"EtOH/H2O (4:3), 7 mL total",7,water,H2O,"EtOH/H2O (4:3), 7 mL total",,160,160 °C,72,72 h,25 mL Teflon-lined autoclave,stirred 15 min before sealing,water,,,,,block-shaped colorless crystals,61,,,,,,,not_reported,not_reported,347,luminescence,10.1039/c2ce25081k,ok,
10.1039/c2ce25081k,yes,Changing solvent system or metal salt anion gave only crystalline powder; other stoichiometries gave very low yield.,,,Co(NO3)2·6H2O,,"58.2 mg, 0.2 mmol",0.2,mmol,,,,,,,,,,,"2-p-methoxyphenyl-1H-imidazole-4,5-dicarboxylic acid",H3MOPhIDC,"52.4 mg, 0.2 mmol",0.2,mmol,"2,2'-bipyridine",bipy,"31.2 mg, 0.2 mmol",0.2,mmol,,,,,,triethylamine,Et3N,"0.056 mL, 0.4 mmol",0.4,mmol,,,,,,ethanol,EtOH,"EtOH/H2O (4:3), 7 mL total",7,water,H2O,"EtOH/H2O (4:3), 7 mL total",,160,160 °C,72,72 h,25 mL Teflon-lined stainless steel autoclave,stirred 15 min before sealing,water,,,,,red block-shaped crystals,58,,,,,,,not_reported,not_reported,375,magnetism,10.1039/c2ce25081k,ok,
10.1039/c2ce25081k,yes,Changing solvent system or metal salt anion gave only crystalline powder; other stoichiometries gave very low yield.,,,Co(NO3)2·6H2O,,"58.2 mg, 0.2 mmol",0.2,mmol,,,,,,,,,,,"2-p-methoxyphenyl-1H-imidazole-4,5-dicarboxylic acid",H3MOPhIDC,"52.4 mg, 0.2 mmol",0.2,mmol,"1,10-phenanthroline",phen,"39.6 mg, 0.2 mmol",0.2,mmol,,,,,,triethylamine,Et3N,"0.056 mL, 0.4 mmol",0.4,mmol,,,,,,ethanol,EtOH,"EtOH/H2O (4:3), 7 mL total",7,water,H2O,"EtOH/H2O (4:3), 7 mL total",,160,160 °C,72,72 h,25 mL Teflon-lined stainless steel autoclave,,water,,,,,red prism-shaped crystals,53,,,,,,,yes,not_reported,371,magnetism,10.1039/c2ce25081k,ok,
10.1039/c2ce25081k,yes,Changing solvent system or metal salt anion gave only crystalline powder; other stoichiometries gave very low yield.,,,CoCl2·6H2O,,"23.8 mg, 0.1 mmol",0.1,mmol,,,,,,,,,,,"2-p-methoxyphenyl-1H-imidazole-4,5-dicarboxylic acid",H3MOPhIDC,"26.2 mg, 0.1 mmol",0.1,mmol,pyridine,py,0.2 mL (also serves as coligand),,,,,,,,,,,,,,,,,,water,H2O,7 mL,7,,,,,160,160 °C,72,72 h,25 mL Teflon-lined stainless steel autoclave,,water,,,,,red block-shaped crystals,65,,,,,,,not_reported,not_reported,377,magnetism,10.1039/c2ce25081k,ok,
10.1021/acs.inorgchem.9b01408,yes,"Required months to find suitable conditions (concentration, temperature, time, ratios) for Hf-HHU-1.",Hf-HHU-2,,HfCl4,HfCl4,320 mg (1 mmol),1,mmol,,,,,,,,,,,acetylenedicarboxylic acid,H2ADC,342 mg (3 mmol),3,mmol,,,,,,,,,,,acetic acid,,2.5 mL,2.5,mL,,,,,,water,H2O,2.5 mL,2.5,,,,,85,85 °C,6,6 h,screw-capped glass vial,static,"water, MeOH",3× each (5 mL),120 °C under vacuum for 6 h,120,6,white microcrystalline powder,343 mg (isolated),,fcu,Hf6O4(OH)4 12-connected SBU,,,541,not_reported,yes,300,water_harvesting;CO2_capture;I2 delivery,10.1021/acs.inorgchem.9b01408,ok,
10.1021/acs.inorgchem.9b01408,yes,"Required months to find suitable conditions (concentration, temperature, time, ratios) for Hf-HHU-1.",Hf-HHU-2 (defect nanodomains),,HfCl4,HfCl4,320 mg (1 mmol),1,mmol,,,,,,,,,,,acetylenedicarboxylic acid,H2ADC,114 mg (1 mmol),1,mmol,,,,,,,,,,,acetic acid,,2.5 mL,2.5,mL,,,,,,water,H2O,2.5 mL,2.5,,,,,85,85 °C,6,6 h,screw-capped glass vial,static,"water, MeOH",3× each (5 mL),120 °C under vacuum for 6 h,120,6,white microcrystalline powder,343 mg (isolated),,fcu,Hf6O4(OH)4 12-connected SBU,,,302,not_reported,no,300,water_harvesting,10.1021/acs.inorgchem.9b01408,ok,
10.1021/ic500234r,yes,Attempted to fabricate nanoscale version of 2; repeated attempts did not materialize.,,,Zn(NO3)2·6H2O,,"0.1 mmol, 0.030 g",0.1,mmol,,,,,,,,,,,"biphenyl-4,4'-dicarboxylic acid",H2bpdc,"0.1 mmol, 0.024 g",0.1,mmol,"4,4′-azobipyridine",azpy,"0.05 mmol, 0.009 g",0.05,mmol,,,,,,,,,,,,,,,,dimethylformamide,DMF,"DMF/ethanol (1:1 v/v), 10 mL total",10,ethanol,EtOH,"DMF/ethanol (1:1 v/v), 10 mL total",,80,80 °C,72,3 days,glass vial (30 mL),,"DMF, ethanol",several times,Activated at 150 °C under 1×10−1 Pa vacuum for 12 h prior to adsorption measurements,150,12,dark red block-shaped crystals,87,,pcu,Zn2(COO)4 paddle-wheel SBU (dinuclear),"triclinic, P-1; a=15.2090(4) Å, b=15.2245(4) Å, c=15.8758(4) Å, α=92.427(1)°, β=99.183(1)°, γ=90.052(1)°",,235,not_reported,not_reported,325,CO2_capture,10.1021/ic500234r,ok,
10.1021/ic500234r,yes,Attempted to fabricate nanoscale version of 2; repeated attempts did not materialize.,,,Zn(NO3)2·6H2O,,"0.1 mmol, 0.03 g",0.1,mmol,,,,,,,,,,,"biphenyl-4,4'-dicarboxylic acid",H2bpdc,"0.1 mmol, 0.024 g",0.1,mmol,"4,4′-azobipyridine",azpy,"0.2 mmol, 0.036 g",0.2,mmol,,,,,,,,,,,,,,,,"N,N-diethylformamide",DEF,"DEF/2-methoxyethanol (1:1 v/v), 10 mL total",10,2-methoxyethanol,,"DEF/2-methoxyethanol (1:1 v/v), 10 mL total",,120,120 °C,72,3 days,glass vial (30 mL),,"DMF, 2-methoxyethanol",several times,Activated at 170 °C under 1×10−1 Pa vacuum for 12 h prior to adsorption measurements,170,12,dark red crystals,75,,,Zn3(μ2-OCO)2(COO)4 trinuclear SBU,"monoclinic, P21/n; a=14.1046(5) Å, b=19.9260(7) Å, c=25.9898(9) Å, α=90°, β=90.005(1)°, γ=90°",,200,not_reported,not_reported,345,CO2_capture,10.1021/ic500234r,ok,
10.1021/ic500234r,yes,Attempted to fabricate nanoscale version of 2; repeated attempts did not materialize.,MOF1N,,Zn(CH3COO)2·2H2O,,"0.1 mmol, 0.022 g",0.1,mmol,,,,,,,,,,,"biphenyl-4,4'-dicarboxylic acid",H2bpdc,"0.1 mmol, 0.024 g",0.1,mmol,"4,4′-azobipyridine",azpy,"0.05 mmol, 0.09 g",0.05,mmol,,,,,,,,,,,,,,,,dimethylformamide,DMF,"DMF/ethanol (1:1 v/v), 10 mL total",10,ethanol,EtOH,"DMF/ethanol (1:1 v/v), 10 mL total",,80,80 °C,72,3 days,glass vial (30 mL),,"DMF, ethanol",several times,Activated at 150 °C under 1×10−1 Pa vacuum for 12 h prior to adsorption measurements,150,12,dark red powder; nanospheres,,"nanospheres, ~40 ± 20 nm diameter (agglomerated)",pcu,"Zn2(COO)4 paddle-wheel SBU (dinuclear), same as bulk 1",,,385,not_reported,not_reported,325,CO2_capture,10.1021/ic500234r,ok,
10.1002/ejic.201500133,yes,"Screened Zr salts/solvents/modulators; many conditions gave non-muconate phases or amorphous (e.g., high H2O equivalents).",ZrIV muconate,,ZrCl4,,"100 mg, 0.43 mmol",0.43,mmol,,,,,,,,,,,"trans,trans-muconic acid",,"61 mg, 0.43 mmol",0.43,mmol,,,,,,,,,,,water,H2O,"20 μL, 1.11 mmol",1.11,mmol,,,,,,dimethylformamide,DMF,3 mL,3,,,,,150,150 °C,24,24 h,sealed glass tube,static,acetone,,"150 °C under vacuum for 12 h; optional MeOH exchange 24 h, then 150 °C under vacuum 12 h",150,12,white precipitate,88,,,Zr6O4(OH)4 12-connected SBU,"cubic; a=20.950(9) Å, V=9194.5(14) Å3",,,not_reported,not_reported,250,,10.1002/ejic.201500133,ok,
10.1002/ejic.201500133,yes,"Screened Zr salts/solvents/modulators; many conditions gave non-muconate phases or amorphous (e.g., high H2O equivalents).",ZrIV muconate,,ZrCl4,,"100 mg, 0.43 mmol",0.43,mmol,,,,,,,,,,,"trans,trans-muconic acid",,"61 mg, 0.43 mmol",0.43,mmol,,,,,,,,,,,concentrated hydrochloric acid,HCl,"36 μL, 0.43 mmol",0.43,mmol,,,,,,dimethylformamide,DMF,3 mL,3,,,,,150,150 °C,24,24 h,sealed glass tube,static,acetone,,"150 °C under vacuum for 12 h; optional MeOH exchange 24 h, then 150 °C under vacuum 12 h",150,12,white precipitate,89,,,Zr6O4(OH)4 12-connected SBU,"cubic; a=21.082(7) Å, V=9369.8(22) Å3",,557,no,no,250,gas_storage;gas_separation,10.1002/ejic.201500133,ok,
10.1039/c7dt01084b,yes,"Without HAc modulator, UiO-66-PYDC showed almost undetectable XRD peaks and zero N2 uptake (poor crystallinity).",UiO-66,,ZrCl4,ZrCl4,462 mg (2 mmol),2,mmol,,,,,,,,,,,terephthalic acid,BDC,330 mg (2 mmol),1.9864,mmol,,,,,,,,,,,"hydrochloric acid (37%, 12 M)",HCl,0.31 mL (4 mmol),0.31,mL,,,,,,dimethylformamide,DMF,34 mL,34,,,,,120,120 °C,24,24 h,50 mL Schott reagent bottle,static,"DMF, then acetone",DMF wash; acetone 3×40 mL at 60 °C for 3 d,80 °C under vacuum for 24 h after solvent exchange,80,24,white powder,,,,Zr6O4(OH)4 cluster,,,1015,not_reported,not_reported,400,I2 delivery,10.1039/c7dt01084b,ok,
10.1039/c7dt01084b,yes,"Without HAc modulator, UiO-66-PYDC showed almost undetectable XRD peaks and zero N2 uptake (poor crystallinity).",UiO-66-PYDC,,ZrCl4,ZrCl4,0.233 g (1 mmol),1,mmol,,,,,,,,,,,"2,5-pyridinedicarboxylic acid",PYDC,0.168 g (1 mmol),1.00527,mmol,,,,,,,,,,,acetic acid,HAc,2 mL,2,mL,,,,,,water,H2O,8 mL,8,,,,,100,100 °C,24,24 h,20 mL screw glass bottle,static,H2O,three times at RT,ethanol exchange at 60 °C for 3 d; then 80 °C under vacuum for 24 h,80,24,white octahedra,,100–300 nm,,Zr6O4(OH)4 cluster,,,953,not_reported,yes,400,I2 delivery,10.1039/c7dt01084b,ok,
10.1039/c7dt01084b,yes,"Without HAc modulator, UiO-66-PYDC showed almost undetectable XRD peaks and zero N2 uptake (poor crystallinity).",UiO-66-PYDC,,ZrCl4,ZrCl4,0.233 g (1 mmol),1,mmol,,,,,,,,,,,"2,5-pyridinedicarboxylic acid",PYDC,0.168 g (1 mmol),1.00527,mmol,,,,,,,,,,,acetic acid,HAc,4 mL,4,mL,,,,,,water,H2O,6 mL,6,,,,,100,100 °C,24,24 h,20 mL screw glass bottle,static,H2O,three times at RT,ethanol exchange at 60 °C for 3 d; then 80 °C under vacuum for 24 h,80,24,white octahedra,,100–300 nm,,Zr6O4(OH)4 cluster,,,1030,not_reported,yes,400,I2 delivery,10.1039/c7dt01084b,ok,
10.1039/c7dt01084b,yes,"Without HAc modulator, UiO-66-PYDC showed almost undetectable XRD peaks and zero N2 uptake (poor crystallinity).",UiO-66-PYDC,,ZrCl4,ZrCl4,0.233 g (1 mmol),1,mmol,,,,,,,,,,,"2,5-pyridinedicarboxylic acid",PYDC,0.168 g (1 mmol),1.00527,mmol,,,,,,,,,,,acetic acid,HAc,6 mL,6,mL,,,,,,water,H2O,4 mL,4,,,,,100,100 °C,24,24 h,20 mL screw glass bottle,static,H2O,three times at RT,ethanol exchange at 60 °C for 3 d; then 80 °C under vacuum for 24 h,80,24,white octahedra,,100–300 nm,,Zr6O4(OH)4 cluster,,,859,not_reported,yes,400,I2 delivery,10.1039/c7dt01084b,ok,
10.1039/c7dt01084b,yes,"Without HAc modulator, UiO-66-PYDC showed almost undetectable XRD peaks and zero N2 uptake (poor crystallinity).",UiO-66-PYDC,,ZrCl4,ZrCl4,0.233 g (1 mmol),1,mmol,,,,,,,,,,,"2,5-pyridinedicarboxylic acid",PYDC,0.168 g (1 mmol),1.00527,mmol,,,,,,,,,,,acetic acid,HAc,8 mL,8,mL,,,,,,water,H2O,2 mL,2,,,,,100,100 °C,24,24 h,20 mL screw glass bottle,static,H2O,three times at RT,ethanol exchange at 60 °C for 3 d; then 80 °C under vacuum for 24 h,80,24,white octahedra,,100–300 nm,,Zr6O4(OH)4 cluster,,,648,not_reported,yes,400,I2 delivery,10.1039/c7dt01084b,ok,
10.1039/c7dt01084b,yes,"Without HAc modulator, UiO-66-PYDC showed almost undetectable XRD peaks and zero N2 uptake (poor crystallinity).",UiO-66-PYDC,,ZrCl4,ZrCl4,0.233 g (1 mmol),1,mmol,,,,,,,,,,,"2,5-pyridinedicarboxylic acid",PYDC,0.168 g (1 mmol),1.00527,mmol,,,,,,,,,,,,,,,,,,,,,acetic acid,HAc,10 mL (pure HAc),10,,,,,100,100 °C,24,24 h,20 mL screw glass bottle,static,H2O,three times at RT,ethanol exchange at 60 °C for 3 d; then 80 °C under vacuum for 24 h,80,24,white octahedra (diminished crystallinity),,100–300 nm,,Zr6O4(OH)4 cluster,,,190,not_reported,yes,400,I2 delivery,10.1039/c7dt01084b,ok,
10.1021/acs.cgd.9b00611,yes,At 60 °C no MOF formed; many conditions gave ZJU-28 or mixtures; Et4NBr gave inconsistent mixtures; phase-pure ZJU-28′ not obtained.,YCM-31,,InCl3,,"291 mg, 1.32 mmol, 1.00 equiv",1.32,mmol,,,,,,,,,,,"4,4′,4″-benzene-1,3,5-triyl-tribenzoic acid",H3BTB,"275 mg, 0.620 mmol, 0.47 equiv",0.62,mmol,,,,,,,,,,,spirocyclic piperidinium chloride,spPPCl,"232 mg, 1.32 mmol, 1.00 equiv",1.32,mmol,,,,,,dimethylformamide,DMF,18 mL,18,"1,4-dioxane",,12 mL,12,120,120 °C,24,24 h,glass scintillation vial with Teflon-lined cap,static,DMF,"3×, 10 mL each",dried in vacuo at room temperature,,,,,,hcb,[In(CO2R)3Cl]− tritopic SBU,,,,not_reported,no,,,10.1021/acs.cgd.9b00611,ok,
10.1021/acs.cgd.9b00611,yes,At 60 °C no MOF formed; many conditions gave ZJU-28 or mixtures; Et4NBr gave inconsistent mixtures; phase-pure ZJU-28′ not obtained.,YCM-32,,InCl3,,"291 mg, 1.32 mmol, 1.00 equiv",1.32,mmol,,,,,,,,,,,"4,4′,4″-benzene-1,3,5-triyl-tribenzoic acid",H3BTB,"275 mg, 0.620 mmol, 0.47 equiv",0.62,mmol,,,,,,,,,,,spirocyclic piperidinium bromide,spPPBr,"290 mg, 1.32 mmol, 1.00 equiv",1.32,mmol,,,,,,dimethylformamide,DMF,18 mL,18,"1,4-dioxane",,12 mL,12,120,120 °C,24,24 h,glass scintillation vial with Teflon-lined cap,static,DMF,"3×, 10 mL each",dried in vacuo at room temperature,,,,,,,[In(CO2R)3Cl]− tritopic SBU,,,,not_reported,no,,,10.1021/acs.cgd.9b00611,ok,
10.1021/acs.cgd.9b00611,yes,At 60 °C no MOF formed; many conditions gave ZJU-28 or mixtures; Et4NBr gave inconsistent mixtures; phase-pure ZJU-28′ not obtained.,YCM-32,,InCl3,,"291 mg, 1.32 mmol, 1.00 equiv",1.32,mmol,,,,,,,,,,,"4,4′,4″-benzene-1,3,5-triyl-tribenzoic acid",H3BTB,"275 mg, 0.620 mmol, 0.47 equiv",0.62,mmol,,,,,,,,,,,spirocyclic morpholinium bromide,spMPBr,"293 mg, 1.32 mmol, 1.00 equiv",1.32,mmol,,,,,,dimethylformamide,DMF,18 mL,18,"1,4-dioxane",,12 mL,12,120,120 °C,24,24 h,glass scintillation vial with Teflon-lined cap,static,DMF,"3×, 10 mL each",dried in vacuo at room temperature,,,,,,,[In(CO2R)3Cl]− tritopic SBU,,,,not_reported,no,,,10.1021/acs.cgd.9b00611,ok,
10.1021/acs.cgd.9b00611,yes,At 60 °C no MOF formed; many conditions gave ZJU-28 or mixtures; Et4NBr gave inconsistent mixtures; phase-pure ZJU-28′ not obtained.,YCM-32,,InCl3,,"291 mg, 1.32 mmol, 1.00 equiv",1.32,mmol,,,,,,,,,,,"4,4′,4″-benzene-1,3,5-triyl-tribenzoic acid",H3BTB,"275 mg, 0.620 mmol, 0.47 equiv",0.62,mmol,,,,,,,,,,,tetraethylammonium chloride,Et4NCl,"219 mg, 1.32 mmol, 1.00 equiv",1.32,mmol,,,,,,dimethylformamide,DMF,18 mL,18,"1,4-dioxane",,12 mL,12,120,120 °C,24,24 h,glass scintillation vial with Teflon-lined cap,static,DMF,"3×, 10 mL each",dried in vacuo at room temperature,,,,,,,[In(CO2R)3Cl]− tritopic SBU,,,,not_reported,no,,,10.1021/acs.cgd.9b00611,ok,
10.1002/chem.202402363,yes,La–Sm analogues could not be obtained; dram vials sometimes gave no product or mixed phases (MOF-76 + RE-CU-45).,Y-CU-45,,Y(NO3)3,,0.31 mmol,0.31,mmol,,,,,,,,,,,"benzene-1,3,5-tricarboxylic acid",BTC,"13.5 mg, 0.065 mmol",0.065,mmol,,,,,,,,,,,"2,6-difluorobenzoic acid","2,6-dFBA","242 mg, 1.53 mmol",1.53,mmol,trifluoroacetic acid,TFA,0.3 mL (3.92 mmol),3.92,mmol,dimethylformamide,DMF,1.5 mL,1.5,,,,,130,130 °C,120,120 h (5 days),"25 mL reaction jar (PBT cap, PTFE seal)",static,"DMF, acetone",three times over 24 h (each solvent),60 °C under vacuum for 24 h,60,24,"light-yellow, octahedra",,,spn,RE6 6-connected SBU; μ3-F/μ3-OH bridges,"a=36.079 Å, Fd-3m",,,not_reported,not_reported,,luminescence,10.1002/chem.202402363,ok,
10.1002/chem.202402363,yes,La–Sm analogues could not be obtained; dram vials sometimes gave no product or mixed phases (MOF-76 + RE-CU-45).,Lu-CU-45,,Lu(NO3)3,,0.31 mmol,0.31,mmol,,,,,,,,,,,"benzene-1,3,5-tricarboxylic acid",BTC,"13.5 mg, 0.065 mmol",0.065,mmol,,,,,,,,,,,"2,6-difluorobenzoic acid","2,6-dFBA","242 mg, 1.53 mmol",1.53,mmol,trifluoroacetic acid,TFA,0.3 mL (3.92 mmol),3.92,mmol,dimethylformamide,DMF,1.5 mL,1.5,,,,,130,130 °C,120,120 h (5 days),"25 mL reaction jar (PBT cap, PTFE seal)",static,"DMF, acetone",three times over 24 h (each solvent),60 °C under vacuum for 24 h,60,24,"light-yellow, octahedra",,,spn,RE6 6-connected SBU; μ3-F/μ3-OH bridges,,,1060,not_reported,not_reported,550,luminescence,10.1002/chem.202402363,ok,
10.1002/chem.202402363,yes,La–Sm analogues could not be obtained; dram vials sometimes gave no product or mixed phases (MOF-76 + RE-CU-45).,Yb-CU-45,,Yb(NO3)3,,0.31 mmol,0.31,mmol,,,,,,,,,,,"benzene-1,3,5-tricarboxylic acid",BTC,"13.5 mg, 0.065 mmol",0.065,mmol,,,,,,,,,,,"2,6-difluorobenzoic acid","2,6-dFBA","242 mg, 1.53 mmol",1.53,mmol,trifluoroacetic acid,TFA,0.3 mL (3.92 mmol),3.92,mmol,dimethylformamide,DMF,1.5 mL,1.5,,,,,130,130 °C,120,120 h (5 days),"25 mL reaction jar (PBT cap, PTFE seal)",static,"DMF, acetone",three times over 24 h (each solvent),60 °C under vacuum for 24 h,60,24,"light-yellow, octahedra",,,spn,RE6 6-connected SBU; μ3-F/μ3-OH bridges,,,790,not_reported,not_reported,520,luminescence,10.1002/chem.202402363,ok,
10.1002/chem.202402363,yes,La–Sm analogues could not be obtained; dram vials sometimes gave no product or mixed phases (MOF-76 + RE-CU-45).,Tm-CU-45,,Tm(NO3)3,,0.31 mmol,0.31,mmol,,,,,,,,,,,"benzene-1,3,5-tricarboxylic acid",BTC,"13.5 mg, 0.065 mmol",0.065,mmol,,,,,,,,,,,"2,6-difluorobenzoic acid","2,6-dFBA","242 mg, 1.53 mmol",1.53,mmol,trifluoroacetic acid,TFA,0.3 mL (3.92 mmol),3.92,mmol,dimethylformamide,DMF,1.5 mL,1.5,,,,,130,130 °C,120,120 h (5 days),"25 mL reaction jar (PBT cap, PTFE seal)",static,"DMF, acetone",three times over 24 h (each solvent),60 °C under vacuum for 24 h,60,24,"light-yellow, octahedra",,,spn,RE6 6-connected SBU; μ3-F/μ3-OH bridges,,,970,not_reported,not_reported,520,luminescence,10.1002/chem.202402363,ok,
10.1002/chem.202402363,yes,La–Sm analogues could not be obtained; dram vials sometimes gave no product or mixed phases (MOF-76 + RE-CU-45).,Er-CU-45,,Er(NO3)3,,0.31 mmol,0.31,mmol,,,,,,,,,,,"benzene-1,3,5-tricarboxylic acid",BTC,"13.5 mg, 0.065 mmol",0.065,mmol,,,,,,,,,,,"2,6-difluorobenzoic acid","2,6-dFBA","242 mg, 1.53 mmol",1.53,mmol,trifluoroacetic acid,TFA,0.3 mL (3.92 mmol),3.92,mmol,dimethylformamide,DMF,1.5 mL,1.5,,,,,130,130 °C,120,120 h (5 days),"25 mL reaction jar (PBT cap, PTFE seal)",static,"DMF, acetone",three times over 24 h (each solvent),60 °C under vacuum for 24 h,60,24,"light-yellow, octahedra",,,spn,RE6 6-connected SBU; μ3-F/μ3-OH bridges,,,1050,not_reported,not_reported,530,luminescence,10.1002/chem.202402363,ok,
10.1002/chem.202402363,yes,La–Sm analogues could not be obtained; dram vials sometimes gave no product or mixed phases (MOF-76 + RE-CU-45).,Ho-CU-45,,Ho(NO3)3,,0.31 mmol,0.31,mmol,,,,,,,,,,,"benzene-1,3,5-tricarboxylic acid",BTC,"13.5 mg, 0.065 mmol",0.065,mmol,,,,,,,,,,,"2,6-difluorobenzoic acid","2,6-dFBA","242 mg, 1.53 mmol",1.53,mmol,trifluoroacetic acid,TFA,0.3 mL (3.92 mmol),3.92,mmol,dimethylformamide,DMF,1.5 mL,1.5,,,,,130,130 °C,120,120 h (5 days),"25 mL reaction jar (PBT cap, PTFE seal)",static,"DMF, acetone",three times over 24 h (each solvent),60 °C under vacuum for 24 h,60,24,"light-yellow, octahedra",,,spn,RE6 6-connected SBU; μ3-F/μ3-OH bridges,,,1080,not_reported,not_reported,520,luminescence,10.1002/chem.202402363,ok,
10.1002/chem.202402363,yes,La–Sm analogues could not be obtained; dram vials sometimes gave no product or mixed phases (MOF-76 + RE-CU-45).,Dy-CU-45,,Dy(NO3)3,,0.31 mmol,0.31,mmol,,,,,,,,,,,"benzene-1,3,5-tricarboxylic acid",BTC,"13.5 mg, 0.065 mmol",0.065,mmol,,,,,,,,,,,"2,6-difluorobenzoic acid","2,6-dFBA","290.4 mg, 1.84 mmol",1.84,mmol,trifluoroacetic acid,TFA,0.3 mL (3.92 mmol),3.92,mmol,dimethylformamide,DMF,1.5 mL,1.5,,,,,130,130 °C,120,120 h (5 days),"25 mL reaction jar (PBT cap, PTFE seal)",static,"DMF, acetone",three times over 24 h (each solvent),60 °C under vacuum for 24 h,60,24,"light-yellow, octahedra",,,spn,RE6 6-connected SBU; μ3-F/μ3-OH bridges,,,950,not_reported,not_reported,540,luminescence,10.1002/chem.202402363,ok,
10.1002/chem.202402363,yes,La–Sm analogues could not be obtained; dram vials sometimes gave no product or mixed phases (MOF-76 + RE-CU-45).,Tb-CU-45,2347671,Tb(NO3)3,,0.31 mmol,0.31,mmol,,,,,,,,,,,"benzene-1,3,5-tricarboxylic acid",BTC,"13.5 mg, 0.065 mmol",0.065,mmol,,,,,,,,,,,"2,6-difluorobenzoic acid","2,6-dFBA","290.4 mg, 1.84 mmol",1.84,mmol,trifluoroacetic acid,TFA,0.3 mL (3.92 mmol),3.92,mmol,dimethylformamide,DMF,1.5 mL,1.5,,,,,130,130 °C,120,120 h (5 days),"25 mL reaction jar (PBT cap, PTFE seal)",static,"DMF, acetone",three times over 24 h (each solvent),60 °C under vacuum for 24 h,60,24,"light-yellow, octahedra",,,spn,RE6 6-connected SBU; μ3-F/μ3-OH bridges,"a=36.300(4) Å, Fd-3m",,920,not_reported,not_reported,550,luminescence,10.1002/chem.202402363,ok,
10.1002/chem.202402363,yes,La–Sm analogues could not be obtained; dram vials sometimes gave no product or mixed phases (MOF-76 + RE-CU-45).,Gd-CU-45,,Gd(NO3)3,,0.31 mmol,0.31,mmol,,,,,,,,,,,"benzene-1,3,5-tricarboxylic acid",BTC,"13.5 mg, 0.065 mmol",0.065,mmol,,,,,,,,,,,"2,6-difluorobenzoic acid","2,6-dFBA","290.4 mg, 1.84 mmol",1.84,mmol,trifluoroacetic acid,TFA,0.3 mL (3.92 mmol),3.92,mmol,dimethylformamide,DMF,1.5 mL,1.5,,,,,130,130 °C,120,120 h (5 days),"25 mL reaction jar (PBT cap, PTFE seal)",static,"DMF, acetone",three times over 24 h (each solvent),60 °C under vacuum for 24 h,60,24,"light-yellow, octahedra",,,spn,RE6 6-connected SBU; μ3-F/μ3-OH bridges,,,720,not_reported,not_reported,530,luminescence,10.1002/chem.202402363,ok,
10.1002/chem.202402363,yes,La–Sm analogues could not be obtained; dram vials sometimes gave no product or mixed phases (MOF-76 + RE-CU-45).,Eu-CU-45,,Eu(NO3)3,,"110.6 mg, 0.25 mmol",0.25,mmol,,,,,,,,,,,"benzene-1,3,5-tricarboxylic acid",BTC,"13.5 mg, 0.065 mmol",0.065,mmol,,,,,,,,,,,"2,6-difluorobenzoic acid","2,6-dFBA","290.4 mg, 1.84 mmol",1.84,mmol,trifluoroacetic acid,TFA,0.3 mL (3.92 mmol),3.92,mmol,dimethylformamide,DMF,1.0 mL,1,,,,,130,130 °C,120,120 h (5 days),"25 mL reaction jar (PBT cap, PTFE seal)",static,"DMF, acetone",three times over 24 h (each solvent),60 °C under vacuum for 24 h,60,24,"light-yellow, octahedra",,,spn,RE6 6-connected SBU; μ3-F/μ3-OH bridges,,,830,not_reported,not_reported,460,luminescence,10.1002/chem.202402363,ok,
10.1021/cg070144q,no,,,,Cu(NO3)2·3H2O,,"0.122 g, 0.5 mmol",0.5,mmol,,,,,,,,,,,"1,3-benzenedicarboxylate acid",H2bdc,"0.083 g, 0.5 mmol",0.5,mmol,,,,,,,,,,,benzimidazole,,"0.030 g, 0.25 mmol",0.25,mmol,,,,,,dimethylformamide,DMF,"15 mL (from 1:1 DMF/EtOH, total 30 mL)",15,ethanol,EtOH,"15 mL (from 1:1 DMF/EtOH, total 30 mL)",15,25,room temperature,144,several days,,,,,120 °C (393 K) under high vacuum for 12 h,120,12,,59,,,Cu2 paddle-wheel SBU (tetracarboxylate-bridged),"a=28.126(9), b=25.034(5), c=15.343(3), Cmca (orthorhombic)",,374,not_reported,not_reported,,,10.1021/cg070144q,ok,
10.1039/c5ra10799g,no,,,,Nd(NO3)3·6H2O,,"0.0086 g, 0.02 mmol",0.02,mmol,,,,,,,,,,,"2,6-naphthalenedicarboxylic acid",H2ndc,"0.0065 g, 0.03 mmol",0.0300661,mmol,,,,,,,,,,,,,,,,,,,,,dimethylformamide,DMF,6 mL,6,,,,,25,room temperature,432,several weeks,,static,,,Activated at 200 °C under vacuum (~10^2 Pa) for ~24 h before gas sorption,200,24,colorless block-shaped crystals,39.22,,,dinuclear [Nd(COO)6] 6-connected octahedral SBU,"a=11.958(1) Å, b=12.222(1) Å, c=13.503(1) Å, α=102.535(2)°, β=98.857(2)°, γ=107.293(2)°, triclinic P-1",,149.62,no,not_reported,495,hydrogen_storage,10.1039/c5ra10799g,ok,
10.1039/c5ra10799g,no,,,,Nd(NO3)3·6H2O,,"0.0086 g, 0.02 mmol",0.02,mmol,,,,,,,,,,,"2,6-naphthalenedicarboxylic acid",H2ndc,"0.0065 g, 0.03 mmol",0.0300661,mmol,,,,,,,,,,,,,,,,,,,,,"N,N-dimethylacetamide",DMAc,6 mL,6,,,,,25,room temperature,2160,several months,test tube,static,,,Activated at 200 °C under vacuum (~10^2 Pa) for ~24 h before gas sorption,200,24,colorless needle-shaped crystals,24,,,rod-shaped Nd–carboxylate SBU,"a=18.858(1) Å, b=21.815(1) Å, c=12.8837(6) Å, α=90°, β=90°, γ=90°, orthorhombic Pnma",,78.12,no,not_reported,490,hydrogen_storage,10.1039/c5ra10799g,ok,
10.1039/c5ra10799g,no,,,,Nd(NO3)3·6H2O,,"0.0086 g, 0.02 mmol",0.02,mmol,,,,,,,,,,,"2,6-naphthalenedicarboxylic acid",H2ndc,"0.0065 g, 0.03 mmol",0.0300661,mmol,,,,,,,,,,,,,,,,,,,,,"N,N-dimethylacetamide",DMAc,6 mL,6,,,,,25,room temperature,2160,several months,test tube,static,,,Activated at 200 °C under vacuum (~10^2 Pa) for ~24 h before gas sorption,200,24,colorless block-shaped crystals,23.7,,,rod-shaped Nd–carboxylate SBU,"a=9.8320(3) Å, b=21.3218(7) Å, c=13.7949(4) Å, α=90°, β=105.602(1)°, γ=90°, monoclinic P2₁/n",,57.91,no,not_reported,444,hydrogen_storage,10.1039/c5ra10799g,ok,
