"(1R,3R)-(-)-camphoric acid",
"(1R,3S)-(-)-camphoric acid",
"(2S,3S,4R,5R)-tetrahydrofurantetracarboxylic acid",
"(5-bromo-1,3-phenylene)bis(tetrazole)",
"(benzene-1,3,5-triyltris(methylene))triphosphonic acid",
(ethylenedithio)diacetic acid,210.3
"(R)-(2E,2'E,2''E,2'''E)-3,3',3'',3'''-(2,2'-diethoxy-1,1'-binaphthyl-4,4',6,6'-tetrayl)tetraacrylic acid",
"(R)-(2E,2'E,2''E,2'''E)-3,3',3'',3'''-(2,2'-dihydroxy-1,1'-binaphthyl-4,4',6,6'-tetrayl)tetraacrylic acid",
"(R)-2,2'-dihydroxy-1,1'-binaphthyl-4,4',6,6'-tetracarboxylic acid",
"(R)-2,2’-diethoxy-1,1’-binaphthyl-3,3',6,6’-tetrakis(4-benzoic acid)",
"(R)-2,2’-diethoxy-1,1’-binaphthyl-4,4’,6,6’-tetracarboxylic acid",
"(R)-2,2’-dihydroxy-1,1’-binaphthyl-3,3',6,6’-tetrakis(4-benzoic acid)",
"(R)-2,2’-dihydroxy-1,1’-dinaphthyl-4,4’,6,6’-tetrakis(4-benzoic acid)",
"(R)-4,4',4'',4'''-(1E,1'E,1''E,1'''E)-2,2',2'',2'''-(2,2'-diethoxy-1,1'-binaphthyl-4,4',6,6'-tetrayl)tetrakis(ethene-2,1-diyl)tetrabenzoic acid",
"(R)-4,4',4'',4'''-(1E,1'E,1''E,1'''E)-2,2',2'',2'''-(2,2'-dihydroxy-1,1'-binaphthyl-4,4',6,6'-tetrayl)tetrakis(ethene-2,1-diyl)tetrabenzoic acid",
"(R)-5,5′,5″,5‴-(2,2′-bis(benzyloxy)-1,1′-binaphthyl-4,4′,6,6′-tetrayl)tetrakis(ethyne-2,1-diyl)tetraisophthalic acid",
"(R)-5,5′,5″,5‴-(2,2′-diethoxy-1,1′-binaphthyl-4,4′,6,6′-tetrayl)tetrakis(ethyne-2,1-diyl)tetraisophthalic acid",
"(R)-5,5′,5″,5‴-(2,2′-dihydroxy-1,1′-binaphthyl-4,4′,6,6′-tetrayl)tetrakis(ethyne-2,1-diyl)tetraisophthalic acid",
"(Z)-4,4′-stilbene dicarboxylic acid",
"1,1'-Butadiynebenzene-3,3',5,5'-tetracarboxylic acid",
"1,1,2,2-tetrakis(4-(1H-pyrazol-4-yl)phenyl)ethene",596.7
"1,1,2,2-tetrakis(4-pyridylphenyl)ethylene",
"1,10-phenanthroline",180.2
"1,1′-(1,4-phenylenebis(methylene))bis(3,5-dicarboxypyridin-1-ium)",
"1,1′-biphenyl-2,2′-dicarboxylate acid",
"1,1′-Ferrocene dicarboxylic acid",
"1,2,3,4,5,6-hexakis(3-carboxyphenyloxymethylene)benzene",
"1,2,3,4,5,6-hexakis[3,5-bis(4-carboxylphenyl)phenoxymethyl]benzene",
"1,2,4,5-benzenetetracarboxylic acid",254.15
"1,2,4,5-Tetrakis(4-carboxypenyl)benzene",
"1,2,4,5-tetrakis(4-carboxyphenyl)-3,6-dimethyl-benzene",
"1,2,4,5-tetrakis(4-carboxyphenyl)benzene",558.5
"1,2,4,5-tetrakis-(4-carboxyphenyl)benzene",
"1,2,4-benzenetricarboxylic acid",210.14
"1,2,4-triazole",69.07
"1,2,4-triazole-3-thiol",101.13
"1,2-bis(1,2,4-triazol-1-yl)ethane",164.17
"1,2-bis(4-pyridyl)ethane",184.24
"1,2-bis(diphenylphosphino)ethane",398.4
"1,2-phenylenediacetic acid",194.18
"1,3,5-(4-carboxylphenyl)benzene",
"1,3,5-(triscarboxyphenyl)benzene",286.24
"1,3,5-benzene tricarboxylic acid",210.14
"1,3,5-benzenetribenzoate acid",
"1,3,5-benzenetribenzoic acid",
"1,3,5-benzenetricarboxylic acid",210.14
"1,3,5-benzenetrisbenzoic acid",
"1,3,5-benzenetrisulfonic acid",318.3
"1,3,5-tri(1,2,4-triazol-1-ylmethyl)-2,4,6-trimethylbenzene",
"1,3,5-tri(1H-imidazol-1-yl)benzene",276.3
"1,3,5-tri(4-carboxyphenyl)benzene",438.4
"1,3,5-triazine-2,4,6-triamine hexaacetic acid",
"1,3,5-tricarboxybenzene",210.14
"1,3,5-tris(4-carboxyphenyl)benzene",438.4
"1,3,5-tris(4’-carboxybiphenyl-3-yl)benzene",
"1,3,5-tris[(1,3-carboxylic acid-5-(4-(ethynyl)phenyl))ethynyl]benzene",942.9
"1,3,6,8-tetrakis(p-benzoic acid)pyrene",
"1,3,6,8-tetrakis-(p-benzoate)-pyrene",
"1,3-benzenedicarboxylic acid",166.13
"1,3-bis(1,2,4-triazol-1-yl)propane",178.2
"1,3-bis(4-carboxy-phenoxy)propane",
"1,3-bis(4-pyridyl)propane",198.26
"1,3-bis(imidazol-1-ylmethyl)benzene",238.29
"1,3-di(4-carboxyphenyl)benzene",318.3
"1,3-phenylenediacetic acid",194.18
"1,4,7,10-tetraazacyclododecane-1,4,7,10-tetramethylbenzoic acid",
"1,4-benzendicarboxylic acid",
"1,4-benzene dicarboxylic acid",
"1,4-benzene-dicarboxylate",
"1,4-benzenecarboxylic acid",164.11
"1,4-benzenedicarboxylic acid",166.13
"1,4-benzenedisulfonic acid",238.2
"1,4-bis(1H-pyrazol-4-yl)benzene",210.23
"1,4-bis(2-[4-carboxyphenyl]ethynyl)benzene",
"1,4-bis(3-pyridyl)-2,3-diaza-1,3-butadiene",210.23
"1,4-bis(4-pyridyl)-2,3-diaza-1,3-butadiene",210.23
"1,4-bis(triazol-1-yl)-2,5-dimethyl benzene",
"1,4-bis[(3′,5′-dimethyl-1H-pyrazole-4′-yl)methylene]benzene",
"1,4-cubanedicarboxylic acid",192.17
"1,4-cyclohexanedicarboxylic acid",172.18
"1,4-di(1H-imidazol-1-yl)butane",190.25
"1,4-di(1H-tetrazole-5yl)benzene",
"1,4-dicarboxybenzene",166.13
"1,4-naphthalenedicarboxylic acid",216.19
"1,4-phenylenediacetic acid",194.18
"1,4-terephthalic acid",
"1,5-naphthalenedisulfonate",286.3
1-ethyl-3-methylimidazolium hydrogen terephthalate,
"1-H-pyrazole-3,5-dicarboxylic acid",
1-hydroxyethylidenediphosphonate,
1H-pyrazole-4-carboxylic acid,112.09
"2',5'-dimethyl-[1,1':4',1''-terphenyl]-4,4''-dicarboxylic acid",346.4
"2',5'-dimethylthio-[1,1’:4’,1’’-terphenyl]-4,4''-dicarboxylic acid",
"2'-amino-5'-(4-carboxyphenyl)-[1,1':3',1''-terphenyl]-4,4''-dicarboxylic acid",453.4
"2,1,3-benzothiadiazole-4,7-dicarboxylic acid",224.2
"2,2'-bipyridine-5,5'-dicarboxylic acid",244.2
"2,2’-bipyridine-5,5’-dicarboxylic acid",
"2,2’-bis(trifluoromethyl)-[1,1’-biphenyl]-4,4’-dicarboxylic acid",
"2,2′,6,6′-tetramethyl-biphenyl-4,4′-dicarboxylic acid",
"2,2′-(1H-imidazole-4,5-diyl)di-1,4,5,6-tetrahydropyrimidine",
"2,2′-(naphthalene-1,5-diylbis(oxy))diacetic acid",
"2,2′-biimidazole",
"2,2′-bipyridine-5,5′-dicarboxylic acid",
"2,2′-bipyrimidine",
"2,2′-diamino-4,4′-stilbenedicarboxylic acid",
"2,2′-dimethyl-biphenyl-4,4′-dicarboxylic acid",
"2,3,5,6-tetramethylterephthalic acid",222.24
"2,3,6,7,10,11-hexaaminotriphenylene hexahydrochloride",537.1
"2,3,6,7,10,11-hexahydrotriphenylene",234.3
"2,3,6,7,10,11-hexahydroxytriphenylene",324.3
"2,3,6,7,10,11-hexaiminotriphenylene hexahydrochloride",
"2,3,6,7,12,13,16,17,22,23,26,27-dodechydroxylhexabenzo[a,c,k,m,u,w]trinaphthylene",
"2,4,6-trimethyl-1,3,5-tri(3,5-di(4-carboxyphenyl-1-yl)phenyl-1-yl)benzene",
"2,4-bis(3,5-dicarboxyphenylamino)-6-ol triazine",
"2,5,8,11-tetrakis(4-carboxyphenyl)perylene",
"2,5-Bis(allyloxy)terephthalic acid",278.26
"2,5-bis(pyrazol-1-yl)terephthalic acid",
"2,5-di(3,5-dicarboxylphenyl)-nicotinic acid",
"2,5-diaminoterephthalic acid",196.16
"2,5-dihydroxybenzene-1,4-dicarboxylic acid",198.13
"2,5-dihydroxyterephthalic acid",198.13
"2,5-Dihydroxyterephthalic acid",198.13
"2,5-dimercapto-1,4-benzenedicarboxylic acid",230.3
"2,5-dimethylterephthalic acid",194.18
"2,5-furandicarboxylic acid",156.09
"2,5-pyridinedicarboxylic acid",167.12
"2,5-pyrroledicarboxylic acid",
"2,5-thiophenedicarboxylic acid",172.16
"2,6-azulenedicarboxylic acid",
"2,6-naphthalene dicarboxylic acid",216.19
"2,6-naphthalenedicarboxylic acid",216.19
2-((benzyl)amino)terephthalic acid,
2-((pyridin-2-ylmethyl)amino)-terephthalic acid,
2-(1H-tetrazol-5-yl)pyrimidine,148.13
"2-[4-(4-methoxy-2,2,6,6-tetramethylpiperidine-1-oxyl)-1H-1,2,3-triazol-1-yl]benzene-1,4-dicarboxylic acid",
"2-[4-(4-methoxy-2,2,6,6-tetramethylpiperidine-1-oxyl)-1H-1,2,3-triazol-1-yl]biphenyl-4,4′-dicarboxylic acid",
2-amino terephthalic acid,181.15
"2-amino-1,4-benzenedicarboxylic acid",181.15
2-amino-5-nitroterephthalic acid,226.14
"2-amino-[1,1′-biphenyl]-4,4′-dicarboxylic acid",
"2-amino-benzene-1,4-dicarboxylic acid",
"2-aminobenzene-1,4-dicarboxylic acid",181.15
"2-aminobiphenyl-4,4'-dicarboxylic acid",
2-aminoterephthalic acid,181.15
"2-azido-[1,1′-biphenyl]-4,4′-dicarboxylic acid",
"2-bromo-1,4-benzenedicarboxylic acid",245.03
2-bromoterephthalic acid,245.03
2-carboxyethylphosphonic acid,154.06
2-ethylimidazole,96.13
"2-ethynyl-[1,1′-biphenyl]-4,4′-dicarboxylic acid",
"2-formamido benzene-1,4-dicarboxylic acid",
"2-hydroxy-1,4-benzenedicarboxylic acid",182.13
2-hydroxyterephthalic acid,182.13
2-methoxy-4-(1H-pyrazol-4-yl)benzoic acid,218.21
2-methyl imidazole,82.1
2-methyl-imidazole,82.1
2-methylimidazole,82.1
2-methylterephthalic acid,180.16
"2-nitro-[1,1′-biphenyl]-4,4′-dicarboxylic acid",
"2-nitrobenzene-1,4-dicarboxylic acid",211.13
"2-nitrobiphenyl-4,4'-dicarboxylic acid",287.22
2-nitroterephthalic acid,211.13
2-pytz,
2-pytz (5-(pyridyl) tetrazolate),
2-sulfoterephthalic acid,246.2
2-sulfoterephthalic acid monosodium salt,268.18
2-vinylterephthalic acid,192.17
"25,27-diaza-4,6,16,18-tetrabenzoate-11,23-di-methyl-2,8,14,20-tetraoxacalix[4]arene",
"2’-amino-5’-(7-(4,4’’-dicarboxy-[1,1’:3’,1’’-terphenyl]-5’-yl)benzo[c][1,2,5]thiadiazol-4-yl)-[1,1’:3’,1’’-terphenyl]-4,4’’-dicarboxylic acid",
"2′,5′-diethynylterphenyl-4,4″-dicarboxylic acid",
"2′,5′-difluoro-4′-(1H-pyrazol)-[1,1′-biphenyl]-4-carboxylic acid",
"2′,5′-dimethyl-[p-terphenyl]-4,4″-dicarboxylic acid",
"3,3’-bis(trifluoromethyl)-[1,1’-biphenyl]-4,4’-dicarboxylic acid",
"3,3′,4,4′-oxydiphthalic acid",
"3,3′,5,5′-azobenzene tetracarboxylic acid",
"3,3′,5,5′-azobenzenetetracarboxylic acid",
"3,3′,5,5′-biphenyltetracarboxylic acid",
"3,3′-((3,4-dioxocyclobut-1-ene-1,2-diyl)bis(azanediyl))dibenzoic acid",
"3,3′-diamino-1,1′-biphenyl-4,4′-dicarboxylic acid",
"3,3′-dihydroxy-[1,1′-biphenyl]-4,4′-dicarboxylic acid",
"3,3″-diamino-1,1′:4′,1″-terphenyl-4,4″-dicarboxylic acid",
"3,4-diacetyl-2,5-dioxohexane",
"3,5-bis(4′-carboxyphenyl)-1,2,4-triazole",
"3,5-di(4'-carboxylphenyl)benozoic acid",362.3
"3,5-di(tetrazol-5-yl)pyridine",
"3,5-pyridinedicarboxylic acid",167.12
"3,6-dimethyl-1,2,4,5-tetra-(biphenyl-3′,5′-dicarboxylic acid)benzene",
"3,8-bis(4-carboxyphenyl)phenanthroline",
"3-(4H-1,2,4-triazol-4-yl)-5-(trifluoromethyl)pyridine",
3-(pyridin-4-yl)benzoic acid,199.2
"3-amino-1,2,4-triazole",84.08
3-fluoro-4-(1H-pyrazol-4-yl)benzoic acid,206.17
"3-methyl-1H-1,2,4-triazole",83.09
"3-pyrazinyl-1,2,4-triazole",
3-pytz,
"4'',6'-diamino-5',5''-bis(4-carboxyphenyl)-[1,1':3',1'':3'',1'''-quaterphenyl]-4,4'''-dicarboxylic acid",664.7
"4',4''',4''''',4'''''''-methanetetrayltetrakis(2-methyl-[1,1'-biphenyl]-4-carboxylic acid)",
"4',4'',4''',4''''-methanetetrayltetrabiphenyl-4-carboxylic acid",800.8
"4'-(4-carboxyphenyl)-[2,2':6',2''-terpyridine]-5,5''-dicarboxylic acid",441.4
"4,4',4'',4'''-(9H-carbazole-1,3,6,8-tetrayl)tetrabenzoic acid",647.6
"4,4',4'',4'''-([9,9'-bicarbazole]-3,3',6,6'-tetrayl)tetrabenzoic acid",812.8
"4,4',4'',4'''-([9,9'-bicarbazole]-3,3',6,6'-tetrayl)tetrakis(1-naphthoic acid)",
"4,4',4'',4'''-([9,9'-bicarbazole]-3,3',6,6'-tetrayl)tetrakis(3-methylbenzoic acid)",
"4,4',4'',4'''-(porphyrin-5,10,15,20-tetrayl)tetrabenzoic acid",
"4,4'-(1,10-phenanthroline-2,9-diyl)dibenzoic acid",
"4,4'-(1,10-phenanthroline-3,8-diyl)dibenzoic acid",420.4
"4,4'-(anthracene-9,10-diylbis(ethyne-2,1-diyl))bis(2-hydroxybenzoic acid)",
"4,4'-biphenyldicarboxylic acid",242.23
"4,4'-dihydroxybiphenyl-3,3',5,5'-tetrabenzoic acid",
"4,4'-oxybis(benzoate)",
"4,4,4,4-(Porphine-5,10,15,20-tetrayl)tetrakis(benzoic acid)",790.8
"4,4’,4’’,4’’’-(1,4-phenylenebis(pyridine-4,2,6-triyl))-tetrabenzoic acid",
"4,4′,4′′-(benzene-1,3,5-triyl-tris(benzene-4,1-diyl))-tribenzoic acid",
"4,4′,4′′-(triphenylene-1,5,9-triyl)tribenzoic acid",
"4,4′,4′′-[1,3,5-Benzenetriyltris(ethyne-2,1-diyl)]tribenzoic acid",
"4,4′,4′′-benzene-1,3,5-triyl-benzoic acid",
"4,4′,4′′-benzene-1,3,5-triyl-tris(benzoic acid)",
"4,4′,4″,4‴-((ethene-1,1,2,2-tetrayltetrakis(benzene-4,1-diyl))tetrakis(ethyne-2,1-diyl))tetrabenzoic acid",
"4,4′,4″,4‴-(5,10,15,20-porphyrintetrayl)-tetrabenzoic acid",
"4,4′,4″-(2H-1,2,3-triazole-2,4,5-triyl)tribenzoic acid",
"4,4′,4″-(4,4,8,8,12,12-hexamethyl-8,12-dihydro-4H-benzo[9,1]quinolizino[3,4,5,6,7-defg]acridine-2,6,10-triyl)tribenzoic acid",
"4,4′,4″-(pyridine-2,4,6-triyl)tribenzoic acid",
"4,4′,4″-benzene-1,3,5-triyl-tribenzoic acid",
"4,4′,4″-benzene-1,3,5-triyl-tris(benzoic acid)",
"4,4′,4″-nitrilotribenzoic acid",
"4,4′,4″-nitrilotrisbenzoic acid",
"4,4′,4″-s-triazine-2,4,6-triyl-tribenzoic acid",
"4,4′,4″-s-triazine-2,4,6-triyltribenzoic acid",
"4,4′-((2-nitro-[1,1′-biphenyl]-4,4′-diyl)bis(ethyne-2,1-diyl))dibenzoic acid",
"4,4′-(1,10-phenanthroline-2,9-diyl)dibenzoic acid",
"4,4′-(1,10-phenanthroline-3,8-diyl)dibenzoic acid",
"4,4′-(1,2,4,5-tetrazine-3,6-diyl)dibenzoic acid",
"4,4′-(2-phenyl-2H-1,2,3-triazole-4,5-diyl)dibenzoic acid",
"4,4′-(9,10-anthracenediyl)bis(2-aminobenzoic acid)",
"4,4′-(diethynylanthracene-9,10-diyl) dibenzoic acid",
"4,4′-(hexafluoroisopropylidene)bis(benzoic acid)",
"4,4′-azobenzenedicarboxylic acid",
"4,4′-bibenzoic acid-2,2′-sulfone",
"4,4′-biphenyl-dicarboxylic acid",
"4,4′-biphenyldicarboxylate",
"4,4′-biphenyldicarboxylic acid",
"4,4′-bipyridine",
"4,4′-bis(4-carboxyphenylethynyl)BINAP",
"4,4′-dihydroxy-[1,1′-biphenyl]-3,3′-dicarboxylic acid",
"4,4′-methylenebispyrazole",
"4,4′-oxalyldibenzoic acid",
"4,4′-oxybis(benzoic acid)",
"4,4′-Oxybis(benzoic acid)",
"4,4′-oxybisbenzoic acid",
"4,4′-stilbenedicarboxylic acid",
"4,4′-sulfonyldibenzoic acid",
"4,5,9,10-tetrakis(p-benzoic acid)pyrene",
"4,5-bis(tetrazol-5-yl)imidazole",
"4,5-dichloroimidazole",136.96
"4,5-dicyanoimidazole",118.1
"4,6,16,18,31,33-hexabenzoate-25,27,36-triaza-2,8,14,20,29,35-hexaoxabicyclocalix[4]arene",
"4-(1,2,4-triazol-4-yl)phenylacetic acid",203.2
4-(1H-pyrazole-4-yl)benzoic acid,
4-(1H-tetrazol-5-yl)-benzoic acid,190.16
4-(2-carboxyvinyl)benzoic acid,192.17
"4-(3,5-dimethyl-1H-pyrazol-4-yl)-benzoic acid",216.24
"4-(4-(2-(thiophen-2-yl)ethyl)-4H-1,2,4-triazol-3-yl)pyridine",
"4-(4-carboxyphenyl)-1,2,4-triazole",189.17
4-(imidazol-1-yl)-benzoic acid,188.18
4-(pyridin-3-yl)benzoic acid,199.2
4-(pyridin-4-yl)benzoic acid,199.2
4-methyl-5-imidazolecarboxaldehyde,110.11
4-pyridylacetic acid hydrochloride,173.6
4-pytz,
4-tetracarboxyphenylporphyrin,
4-{[bis(phosphonomethyl)amino]methyl}benzene-sulfonic acid,
"4′,4″,4′″,4″″-(ethene-1,1,2,2-tetrayl)tetrabiphenyl-4-carboxylic acid",
"5',5''''-(2,3-diaminophenyl)-bis([1,1':3',1''-terphenyl]-4,4''-dicarboxylic acid)",
"5'-(4-carboxyphenyl)-2'-methyl[1,1':3',1''-terphenyl]-4,4''-dicarboxylic acid",
"5,10,15,20-tetra(1H-pyrazol-4-yl)porphyrin-Mn(III) chloride",
"5,10,15,20-tetrakis(2,3,5,6-tetrafluoro-4-(1H-pyrazol-4-yl)phenyl)-porphyrin",
"5,10,15,20-tetrakis(4-(1H-pyrazol-4-yl)-phenyl)porphyrin",
"5,10,15,20-tetrakis(4-carboxy-[1,1’-biphenyl-4’-yl])porphyrin",
"5,10,15,20-tetrakis(4-carboxyphenyl)porphyrin",790.8
"5,10,15,20-tetrakis(4-carboxyphenyl)porphyrin-(Cu(II)) [Cu-TCPP]",
"5,10,15,20-tetrakis(4-carboxyphenyl)porphyrin-(Ni(II)) [Ni-TCPP]",
"5,10,15,20-tetrakis(4-carboxyphenyl)porphyrin-Ru(II) [Ru-TCPP(CO)]",
"5,10,15,20-tetrakis(4-carboxyphenyl)porphyrinato-cobalt",
"5,15-bis(3,4,5-trifluorophenyl)-10,20-di(4-imidazol-1-yl-phenyl)porphyrin",
"5,15-bis(4-tert-butylphenyl)-10,20-di(4-imidazol-1-yl-phenyl)porphyrin",
"5,15-bis(pentafluorophenyl)-10,20-di(4-imidazol-1-yl-phenyl)porphyrin",
"5,5',5''-(pyridine-2,4,6-triyl)triisophthalic acid",571.4
"5,5'-bis(carboxyethenyl)-2,2'-bipyridine",
"5,5′,10,10′,15,15′-hexabutyltruxene-2,7,12-tricarboxylic acid",
"5,5′,10,10′,15,15′-hexadecyltruxene-2,7,12-tricarboxylic acid",
"5,5′,10,10′,15,15′-hexaethyltruxene-2,7,12-tricarboxylic acid",
"5,5′,10,10′,15,15′-hexahexyltruxene-2,7,12-tricarboxylic acid",
"5,5′,10,10′,15,15′-hexamethyltruxene-2,7,12-tricarboxylic acid",
"5,5′,10,10′,15,15′-hexaoctyltruxene-2,7,12-tricarboxylic acid",
"5,5′,5″-(1,3,5-triazine-2,4,6-triyltriimino)tris(azanediyl) triisophthalate",
"5,5′-(1-Methylbenzene-2,4-diyl)diisophthalic acid",
"5,5′-(2,6-Diaminopyridine-3,5-diyl)diisophthalic acid",
"5,5′-(2-Methylbenzene-1,3-diyl)diisophthalic acid",
"5,5′-(5-Methylbenzene-1,3-diyl)diisophthalic acid",
"5,5′-(6-(4-carboxyphenylamino)-1,3,5-triazine-2,4-diyldiimino)diisophthalic acid",
"5,5′-(9,10-anthracenediyl)di-isophthalate",
"5,5′-(dimethylsilanediyl)diisophthalic acid",
"5,5′-(hexane-1,6-diyl)-bis(oxy)diisophthalic acid",
"5,5′-(isoquinoline-5,8-diyl)-diisophthalate",
"5,5′-(naphthyl-2,7-yl)diisophthalate",
"5,5′-(quinoline-5,8-diyl)-diisophthalate",
"5,5′-(quinoxaline-5,8-diyl)-diisophthalate",
"5-(3,5-dicarboxybenzamido)isophthalic acid",373.3
5-(4-carboxy-benzoylamino)-isophthalic acid,
5-(4-carboxybenzoylamino)isophthalic acid,
5-(bis(4-carboxybenzyl)amino)isophthalic acid,449.4
5-(phenyldiazenyl)isophthalic acid,
5-[(4-carboxy-2-methylphenyl)ethynyl]isophthalic acid,
5-boronoisophthalic acid,209.95
5-bromoisophthalic acid,245.03
5-bromosalicylic acid,217.02
5-ethoxyisophthalic acid,210.18
5-hydroxynicotinic acid,139.11
5-nitroisophthalic acid,211.13
5-sulfoisophthalic acid sodium salt,312.14
"5-sulfoisophthalic acid, sodium salt",
"5’,5’’’’-(5,6-dimethylbenzo[c][1,2,5]thiadiazole-4,7-diyl)bis([1,1’:3’,1’’-terphenyl]-4,4’’-dicarboxylic acid)",
"5’,5’’’’-(benzo[c][1,2,5]selenadiazole-4,7-diyl)bis(([1,1’:3’,1’’-terphenyl]-4,4’’-dicarboxylic acid))",
"5’,5’’’’-(benzo[c][1,2,5]thiadiazole-4,7-diyl)bis(([1,1’:3’,1’’-terphenyl]-4,4’’-dicarboxylic acid))",
"5’,5’’’’-(benzo[c][1,2,5]thiadiazole-4,7-diyl)bis(2’-amino-[1,1’:3’,1’’-terphenyl]-4,4’’-dicarboxylic acid)",
"5’,5’’’’-(benzo[c][1,2,5]thiadiazole-4,7-diyl)bis(2’-hydroxy-[1,1’:3’,1’’-terphenyl]-4,4’’-dicarboxylic acid)",
"5’,5’’’’-(naphtho[2,3-c][1,2,5]selenadiazole-4,9-diyl)bis(([1,1’:3’,1’’-terphenyl]-4,4’’-dicarboxylic acid))",
"5’,5’’’’-(naphtho[2,3-c][1,2,5]selenadiazole-4,9-diyl)bis(2’-amino-[1,1’:3’,1’’-terphenyl]-4,4’’-dicarboxylic acid)",
"5’,5’’’’-(naphtho[2,3-c][1,2,5]thiadiazole-4,9-diyl)bis(([1,1’:3’,1’’-terphenyl]-4,4’’-dicarboxylic acid))",
"5′,5‴′-(2,3-diaminophenyl)-bis{[(1,1′:3′,1″-terphenyl)-4,4″-dicarboxylic acid]}",
"5′,5‴′-(benzo[c][1,2,5]thiadiazole-4,7-diyl)bis([1,1′:3′,1″-terphenyl]-4,4″-dicarboxylic acid)",
"5′,5‴′-(naphtho[2,3-c][1,2,5]thiadiazole-4,9-diyl)bis([1,1′:3′,1″-terphenyl]-4,4″-dicarboxylic acid)",
"5′-(1H-imidazol-1-yl)-[1,1’:3′,1″-terphenyl]-4,4″-dicarboxylic acid",
"5′-(4-carboxyphenyl)-2′,4′,6′-trimethyl-[1,1′:3′,1′′-terphenyl]-4,4′′-tricarboxylic acid",
"6,6',6'',6'''-(7-(tert-butyl)pyrene-1,3,5,9-tetrayl)tetrakis(2-naphthoic acid)",939
"6,6′-dithiodinicotinic acid",
6-(1H-benzoimidazol-2-yl)pyridinecarboxylic acid,
6-(1H-pyrazole-4-yl)nicotinic acid,
6-(4-carboxyphenyl)nicotinic acid,243.21
"9-phenylcarbazole-3,6-dicarboxylic acid",331.3
"[1,1':4',1''-terphenyl]-3,4'',5-tricarboxylic acid",362.3
"[1,1′-biphenyl]-3,3′,5,5′-tetracarboxylic acid",
"[1,1′-biphenyl]-4,4′-dicarboxylic acid",
"[1,1′:4′,1″-terphenyl]-3,4″,5-tricarboxylic acid",
"[1,1′:4′,1″-terphenyl]-4,4″-dicarboxylic acid",
"[1,1′;4′,1″;4″,1‴]-quaterphenyl-3,4‴,5-tricarboxylic acid",
"[2,2′-bithiazole]-5,5′-dicarboxylic acid",
"[5,10,15,20-tetrakis(4-carboxylphenyl)-porphyrinato]methyl rhodium(III)",
[Ni(H2L1)]·2H2O,
[Ru(bpy)2(H2dcbpy)]Cl2,
[tetrakis(4-carboxybiphenyl)porphyrin],
[tetrakis(4-carboxybiphenyl)porphyrinato]Cu,
[tetrakis(4-carboxybiphenyl)porphyrinato]Fe,
[tetrakis(4-carboxytetraphenyl)porphyrin],
[tetrakis(4-carboxytriphenyl)porphyrinato]Cu,
"acetamide-1,3,5-benzenetricarboxylic acid",
acetylenedicarboxylic acid,114.06
adipic acid,146.14
aminoterephthalic acid,181.15
AR wastewater,
aurin tricarboxylic acid,422.3
azelaic acid,188.22
"azobenzene-3,3′,5,5′-tetracarboxylic acid",
"azobenzene-3,3′-dicarboxylic acid",
"azobenzene-4,4′-dicarboxylic acid",
"benzene 1,4-dicarboxylic acid",
benzene tribenzoate,441.5
"benzene-1,2,4,5-tetracarboxylic acid",254.15
"benzene-1,3,5-tricarboxylic acid",210.14
"benzene-1,3-dicarboxylic acid",166.13
"benzene-1,4-dicarboxylate",164.11
"benzene-1,4-dicarboxylic acid",166.13
"benzene-1,4-dihydroxamic acid",
benzene-cored tetracarboxylate linker,
benzenehexathiol,270.5
benzimidazole,118.14
benzoimidephenanthroline tetracarboxylic acid,
"benzophenone 4,4'-dicarboxylic acid",270.24
benzotriazole-5-carboxylic acid,163.13
"bicyclo[1.1.1]pentane-1,3-dicarboxylic acid",156.14
"Bicyclo[1.1.1]pentane-1,3-dicarboxylic acid",156.14
"bicyclo[2.2.2]octane-1,4-dicarboxylic acid",198.22
"Bicyclo[2.2.2]octane-1,4-dicarboxylic acid",198.22
"biphenyl-3,3′,5,5′-tetra-(phenyl-4-carboxylic acid)",
"biphenyl-3,3′,5,5′-tetracarboxylic acid",
"Biphenyl-3,4',5-tricarboxylic acid",286.24
"biphenyl-3,4′,5-tricarboxylate",
"biphenyl-3,4′,5-tricarboxylic acid",
"biphenyl-3,5,5′-tricarboxylic acid",
"biphenyl-4,4'-dicarboxylic acid",242.23
"biphenyl-4,4′-dicarboxylic acid",
bis(1-ethyl-3-methylimidazolium) terephthalate,
"bis(3,5-dimethyl-1H-pyrazol-4-yl) methane",
bis(4-pyridylformyl)piperazine,
"bis[(3′,5′-dimethyl-1H-pyrazole-4′-yl)]methane",
"bromo-1,3,5-benzenetricarboxylic acid",
cage 2 (C48H72N12) dodecaamine cage linker,
chelidamic acid hydrate,183.12
clathrochelate 1,
clathrochelate 12,
clathrochelate 2,
clathrochelate 4,
Co-H4TCPP,
CoTCPP,
"Co–TCPP (5,10,15,20-tetrakis(4-carboxyphenyl)porphyrinato) cobalt(II)",
Cs2 dsoba,
Cu(II) meso-tetra(4-carboxyphenyl)porphyrin,
"Cu-metallated 5,10,15,20-tetrakis(4-(1H-pyrazol-4-yl)-phenyl)porphyrin",
"cubane-1,4-dicarboxylic acid",192.17
CuTCPP,855.7
"Cu–TCPP (5,10,15,20-tetrakis(4-carboxyphenyl)porphyrinato) copper(II)",
"cyclohexane-1,2,4,5-tetracarboxylic acid",260.2
"cyclometalated metalloligand PdCl{C6H3-2,6-[CH2P(C6H4-4-COOH)2]2}",
D-(+)-camphoric acid,200.23
d-camphoric acid,200.23
D-camphoric acid,200.23
di-(tributyl-ethoxymethylphosphonium) terephthalate,
di-lophine tetracarboxylic acid,
"dibenzo[e,g][1,4]diazocine-3,10-dicarboxylic acid",
"disodium 2,2′-[biphenyl-4,4′-diylchethane-2,1-diyl]dibenzenesulphonate",
disodium terephthalate,210.09
"dithieno[3,2-b:2’,3’-e]benzene-2,6-dicarboxylic acid",
DL-camphoric acid,200.23
DL-malic acid,134.09
enantiopure L1,
enantiopure L2,
enantiopure L3,
enantiopure L4,
enantiopure L5,
ethylenediamine,60.1
Fe(III) meso-tetra(4-carboxyphenyl)porphine chloride,
FeTCPPCl,
"Fe–TCPP (5,10,15,20-tetrakis(4-carboxyphenyl)porphyrinato) iron(III) chloride",
formamide,45.041
fumaric acid,116.07
gallic acid monohydrate,188.13
gamma-cyclodextrin,1297.1
H3LRu (Ru(phen)3-based metalloligand),
H4TCP-1′,
"H6RuL2 (hexadentate [Ru(bpydbc)3]Cl2; bpydbc = 2,2’-bipyridine-4,4’-di(p-benzoic acid))",
HBCLH2,
"hexa(3,5-dicarboxyphenoxy)cyclotriphosphazene",
hexacarboxylic acid linker L2,
hexacarboxylic acid linker L3,
hexacarboxylic acid linker L4,
hexahydroxybenzene,174.11
hexakis(3-carboxylato-phenoxy)cyclotriphosphazene,
hexakis(4-carboxyl-3-methoxyphenoxy)cyclotriphosphazene,
hexakis(4-carboxylatephenoxy)cyclotriphosphazene,
hexakis(4-carboxylato-phenoxy)cyclotriphosphazene,
hexakis(4-carboxyphenoxy)cyclotriphosphazene,957.6
homobenzoic acid,
imidazole,68.08
imidazole-2-carbaldehyde,96.09
imidazole-2-carboxaldehyde,96.09
Imidazole-2-formaldehyde,
imidazole-2-formaldehyde,
"imidazole-4,5-dicarboxylic acid",156.1
iron(II) tris(dioxime) clathrochelate dicarboxylate,
isonicotinic acid,123.11
isonicotinic acid N-oxide,139.11
isophthalic acid,166.13
K2 dsoba,
KBH(2-mim)3,
KBH(im)3,
L-glutamic acid,147.13
L-Glutamic acid,147.13
L-tyrosine,181.19
"LBTX = 4,4’-bis(1H-1,2,4-triazole-1-yl)methyl)-1,1’-biphenyl",
Linker I,
Linker II,
Linker III,
malonic acid,104.06
melamine,126.12
melem,218.18
meso-tetra(3-carboxyphenyl)porphine,790.8
meso-tetra(4-carboxyphenyl)porphyrin,790.8
meso-tetra(4-pyridyl)porphyrin,
meso-tetrakis(4-carboxyphenyl)porphyrin,
"metalloligand 1 (Na[Co(L3,5-COOH)2])",
"methanetetrayltetrakis(benzene-4,1-diyl)tetrakis(aza))tetrakis(methan-1-yl-1-yliden)tetrabenzoic acid",
"methoxy-1,3,5-benzenetricarboxylic acid",
MnTCPPCl,
monosodium 2-sulfoterephthalate,268.18
monosodium 2-sulfoterephthalic acid,
monosodium 5-sulfoisophthalic acid,
muconic acid,142.11
"N,N,N′,N′-Tetrakis(4-carboxyphenyl)-1,4-phenylenediamine",
"N,N’-bis(5-isophthalate)-1,4,5,8-naphthalenediimide",
"N,N’-dioxide-3,3’-benzocinnoline dicarboxylic acid",
"N-(pyridin-4-ylmethyl)-4-(pyridin-4-yl)-1,8-naphthalimide",
n-butyl-substituted iron(II) tris(dioxime) clathrochelate dicarboxylate,
"N2,N4,N6-tris(4-(1H-tetrazol-5-yl)phenyl)-1,3,5-triazine-2,4,6-triamine",
Na2 dsoba,
Na2BPDC,
Na4ABTC,
Na4bta,
"naphthalene-1,4-dicarboxylic acid",216.19
"naphthalene-2,6-dicarboxylic acid",216.19
NH2-BPDC,
Ni(H4salen),
"Ni-metallated 5,10,15,20-tetrakis(4-(1H-pyrazol-4-yl)-phenyl)porphyrin",
Ni-TCPP,
NiTCPP,
"nitro-1,3,5-benzenetricarboxylic acid",
"Ni–TCPP (5,10,15,20-tetrakis(4-carboxyphenyl)porphyrinato) nickel(II)",
oxalic acid dihydrate,126.07
"P,P'-diphenylmethylenediphosphinic acid",
P-phthalic acid,166.13
pabdc-0a macromolecular ligand,
PCP-based ditopic dicarboxylate linker L1,
PCP-based pseudo-ortho tetracarboxylate linker L3,
PCP-based pseudo-para tetracarboxylate linker L2,
"Pentacyclo[4.2.0.0^{2,5}.0^{3,8}.0^{4,7}]octane-1,4-dicarboxylic acid",
perylene tetraphenylenecarboxylic acid,
phenylphosphonic acid,158.09
poly(CPbdc-2a0.28-CP),
poly(CPbdc-5a0.14-CP-CPOH0.15),
poly(CPbdc-5a0.25-CP-CPOH0.15),
poly(CPbdc-5a0.27-CP),
"polyethylene terephthalate (PET) waste, linker feedstock",
polymer ligand 3 (poly(vinyl ether) with benzenedicarboxylate side chains),
"potassium 1H-1,2,3-triazole-4,5-dicarboxylic acid",
potassium hexacyanoferrate(III),329.24
pyrazine,80.09
"pyrazine-2,5-dicarboxylic acid dihydrate",204.14
"pyrene-1,3,6,8-tetrayltetrakis(phosphonic acid)",
pyrene-cored tetracarboxylate linker,
"pyridine-2,3-dicarboxylic acid",167.12
"pyridine-2,4,6-tricarboxylic acid",211.13
"pyridine-2,5-dicarboxylic acid",167.12
"pyridine-2,6-dicarboxylic acid",167.12
"pyridine-3,5-dicarboxylic acid",167.12
"pyridine-4-(phenyl-3,5-dicarboxylic acid)",
pyrimidin-2-ol,96.09
pyromellitic acid,254.15
"R-dibenzo[e,g][1,4]diazocine-3,10-dicarboxylic acid",
"rac-[Co(4-cpdpm)3] (4-cpdpm = 5-(4-carboxylphenyl)-4,6-dipyrrinato)",
racemic tetracarboxylate-functionalized MeO-BIPHEP linker,
"sodium 4-amino-1,5-naphthalenedisulfonate",325.3
sodium oxalate,134
sodium salicylate,160.1
sodium tetrakis(imidazoly)borate,
sodium trimesate trihydrate,
squaric acid,114.06
succinic acid,118.09
Terephthalic acid,166.13
terephthalic acid,166.13
tetra(3-pyridyl)phenylmethane,
tetra(4-carboxyphenyl)porphine,790.8
tetra-4-(4-pyridyl)phenylmethane,
tetrafluoroterephthalic acid,238.09
tetrahydroxyquinone,172.09
"tetrakis 3,5-bis[4-carboxyphenyl]phenyl porphine",
"tetrakis(3,5-dicarboxyphenyl)porphine",
tetrakis(4-(2-(pyridin-4-yl)ethyl)phenyl)methane,
tetrakis(4-carboxyphenyl)ethylene,508.5
tetrakis(4-carboxyphenyl)porphyrin,790.8
Tetrakis(4-carboxyphenyl)porphyrin,790.8
tetrakis(4-carboxyphenyl)porphyrin cobalt(II),
tetrakis(4-carboxyphenyl)porphyrin nickel(II),
tetrakis(4-carboxyphenyl)porphyrin-Fe,
tetrakis(4-pyridyloxymethylene)methane,
"tetrakis[(3,5-dicarboxyphenyl)oxamethyl]methane",
tetrakis[3-(carboxyphenyl)oxamethyl]methane acid,
tetrakis[4-(4-carboxyphenyl)phenyl]ethene,
tetrathiafulvalene tetrabenzoic acid,
tetrathiafulvalene-tetrabenzoic acid,
tetratopic ligand H4L,
"tin(IV) tetrakis 3,5-bis[4-carboxyphenyl]phenyl porphine chloride",
"tin(IV) tetrakis 3,5-bis[4-carboxyphenyl]phenyl porphine tetrafluoroborate",
"trans, trans-muconic acid",142.11
"trans-1,4-cyclohexanedicarboxylic acid",172.18
tri-(4-carboxy-phenyl)-trimethoxycyclobenzylene,
"triazine-2,4,6-triyl-tribenzoic acid",
"triethyl-1,3,5-benzenetricarboxylate",294.3
triformylphloroglucinol,210.14
trimesic acid,210.14
"trimethyl-1,3,5-benzenetricarboxylate",249.2
triphenyldicarboxylic acid,
tris,121.14
tris((4-carboxyl)phenylduryl)amine,774
tris(4-(1H-imidazol-1-yl)phosphine oxide),
"tris(4-(4H-1,2,4-triazol-4-yl)phenyl)amine",446.5
tris(4-pyridylethynyl)triphenylamine,
unsymmetric tritopic quaterphenyl linker,
"zinc tetrakis(3,5-dicarboxyphenyl)porphyrin",
"zinc-5,15-bis(4′-carboxyphenyl)-10,20-bis(3′,5′-dicarboxyphenyl)porphyrin",
Zn-tetrakis(p-benzoic acid)porphyrin (H4TCPP(Zn)),
"α,α′-p-xylylenebis(1-(4-pyridylmethylene)-piper-4-azine)",
γ-cyclodextrin,
