formamide,45.041
ethylenediamine,60.1
imidazole,68.08
"1,2,4-triazole",69.07
pyrazine,80.09
2-methyl imidazole,82.1
2-methyl-imidazole,82.1
2-methylimidazole,82.1
"3-methyl-1H-1,2,4-triazole",83.09
"3-amino-1,2,4-triazole",84.08
imidazole-2-carbaldehyde,96.09
imidazole-2-carboxaldehyde,96.09
pyrimidin-2-ol,96.09
2-ethylimidazole,96.13
"1,2,4-triazole-3-thiol",101.13
malonic acid,104.06
4-methyl-5-imidazolecarboxaldehyde,110.11
1H-pyrazole-4-carboxylic acid,112.09
acetylenedicarboxylic acid,114.06
squaric acid,114.06
fumaric acid,116.07
succinic acid,118.09
"4,5-dicyanoimidazole",118.1
benzimidazole,118.14
tris,121.14
isonicotinic acid,123.11
oxalic acid dihydrate,126.07
melamine,126.12
sodium oxalate,134
DL-malic acid,134.09
"4,5-dichloroimidazole",136.96
5-hydroxynicotinic acid,139.11
isonicotinic acid N-oxide,139.11
muconic acid,142.11
"trans, trans-muconic acid",142.11
adipic acid,146.14
L-glutamic acid,147.13
L-Glutamic acid,147.13
2-(1H-tetrazol-5-yl)pyrimidine,148.13
2-carboxyethylphosphonic acid,154.06
"2,5-furandicarboxylic acid",156.09
"imidazole-4,5-dicarboxylic acid",156.1
"bicyclo[1.1.1]pentane-1,3-dicarboxylic acid",156.14
"Bicyclo[1.1.1]pentane-1,3-dicarboxylic acid",156.14
phenylphosphonic acid,158.09
sodium salicylate,160.1
benzotriazole-5-carboxylic acid,163.13
"1,4-benzenecarboxylic acid",164.11
"benzene-1,4-dicarboxylate",164.11
"1,2-bis(1,2,4-triazol-1-yl)ethane",164.17
"1,3-benzenedicarboxylic acid",166.13
"1,4-benzenedicarboxylic acid",166.13
"1,4-dicarboxybenzene",166.13
"benzene-1,3-dicarboxylic acid",166.13
"benzene-1,4-dicarboxylic acid",166.13
isophthalic acid,166.13
P-phthalic acid,166.13
Terephthalic acid,166.13
terephthalic acid,166.13
"2,5-pyridinedicarboxylic acid",167.12
"3,5-pyridinedicarboxylic acid",167.12
"pyridine-2,3-dicarboxylic acid",167.12
"pyridine-2,5-dicarboxylic acid",167.12
"pyridine-2,6-dicarboxylic acid",167.12
"pyridine-3,5-dicarboxylic acid",167.12
tetrahydroxyquinone,172.09
"2,5-thiophenedicarboxylic acid",172.16
"1,4-cyclohexanedicarboxylic acid",172.18
"trans-1,4-cyclohexanedicarboxylic acid",172.18
4-pyridylacetic acid hydrochloride,173.6
hexahydroxybenzene,174.11
"1,3-bis(1,2,4-triazol-1-yl)propane",178.2
2-methylterephthalic acid,180.16
"1,10-phenanthroline",180.2
2-amino terephthalic acid,181.15
"2-amino-1,4-benzenedicarboxylic acid",181.15
"2-aminobenzene-1,4-dicarboxylic acid",181.15
2-aminoterephthalic acid,181.15
aminoterephthalic acid,181.15
L-tyrosine,181.19
"2-hydroxy-1,4-benzenedicarboxylic acid",182.13
2-hydroxyterephthalic acid,182.13
chelidamic acid hydrate,183.12
"1,2-bis(4-pyridyl)ethane",184.24
gallic acid monohydrate,188.13
4-(imidazol-1-yl)-benzoic acid,188.18
azelaic acid,188.22
"4-(4-carboxyphenyl)-1,2,4-triazole",189.17
4-(1H-tetrazol-5-yl)-benzoic acid,190.16
"1,4-di(1H-imidazol-1-yl)butane",190.25
"1,4-cubanedicarboxylic acid",192.17
2-vinylterephthalic acid,192.17
4-(2-carboxyvinyl)benzoic acid,192.17
"cubane-1,4-dicarboxylic acid",192.17
"1,2-phenylenediacetic acid",194.18
"1,3-phenylenediacetic acid",194.18
"1,4-phenylenediacetic acid",194.18
"2,5-dimethylterephthalic acid",194.18
"2,5-diaminoterephthalic acid",196.16
"2,5-dihydroxybenzene-1,4-dicarboxylic acid",198.13
"2,5-dihydroxyterephthalic acid",198.13
"2,5-Dihydroxyterephthalic acid",198.13
"bicyclo[2.2.2]octane-1,4-dicarboxylic acid",198.22
"Bicyclo[2.2.2]octane-1,4-dicarboxylic acid",198.22
"1,3-bis(4-pyridyl)propane",198.26
3-(pyridin-4-yl)benzoic acid,199.2
4-(pyridin-3-yl)benzoic acid,199.2
4-(pyridin-4-yl)benzoic acid,199.2
D-(+)-camphoric acid,200.23
d-camphoric acid,200.23
D-camphoric acid,200.23
DL-camphoric acid,200.23
"4-(1,2,4-triazol-4-yl)phenylacetic acid",203.2
"pyrazine-2,5-dicarboxylic acid dihydrate",204.14
3-fluoro-4-(1H-pyrazol-4-yl)benzoic acid,206.17
5-boronoisophthalic acid,209.95
disodium terephthalate,210.09
"1,2,4-benzenetricarboxylic acid",210.14
"1,3,5-benzene tricarboxylic acid",210.14
"1,3,5-benzenetricarboxylic acid",210.14
"1,3,5-tricarboxybenzene",210.14
"benzene-1,3,5-tricarboxylic acid",210.14
triformylphloroglucinol,210.14
trimesic acid,210.14
5-ethoxyisophthalic acid,210.18
"1,4-bis(1H-pyrazol-4-yl)benzene",210.23
"1,4-bis(3-pyridyl)-2,3-diaza-1,3-butadiene",210.23
"1,4-bis(4-pyridyl)-2,3-diaza-1,3-butadiene",210.23
(ethylenedithio)diacetic acid,210.3
"2-nitrobenzene-1,4-dicarboxylic acid",211.13
2-nitroterephthalic acid,211.13
5-nitroisophthalic acid,211.13
"pyridine-2,4,6-tricarboxylic acid",211.13
"1,4-naphthalenedicarboxylic acid",216.19
"2,6-naphthalene dicarboxylic acid",216.19
"2,6-naphthalenedicarboxylic acid",216.19
"naphthalene-1,4-dicarboxylic acid",216.19
"naphthalene-2,6-dicarboxylic acid",216.19
"4-(3,5-dimethyl-1H-pyrazol-4-yl)-benzoic acid",216.24
5-bromosalicylic acid,217.02
melem,218.18
2-methoxy-4-(1H-pyrazol-4-yl)benzoic acid,218.21
"2,3,5,6-tetramethylterephthalic acid",222.24
"2,1,3-benzothiadiazole-4,7-dicarboxylic acid",224.2
2-amino-5-nitroterephthalic acid,226.14
"2,5-dimercapto-1,4-benzenedicarboxylic acid",230.3
"2,3,6,7,10,11-hexahydrotriphenylene",234.3
tetrafluoroterephthalic acid,238.09
"1,4-benzenedisulfonic acid",238.2
"1,3-bis(imidazol-1-ylmethyl)benzene",238.29
"4,4'-biphenyldicarboxylic acid",242.23
"biphenyl-4,4'-dicarboxylic acid",242.23
6-(4-carboxyphenyl)nicotinic acid,243.21
"2,2'-bipyridine-5,5'-dicarboxylic acid",244.2
"2-bromo-1,4-benzenedicarboxylic acid",245.03
2-bromoterephthalic acid,245.03
5-bromoisophthalic acid,245.03
2-sulfoterephthalic acid,246.2
"trimethyl-1,3,5-benzenetricarboxylate",249.2
"1,2,4,5-benzenetetracarboxylic acid",254.15
"benzene-1,2,4,5-tetracarboxylic acid",254.15
pyromellitic acid,254.15
"cyclohexane-1,2,4,5-tetracarboxylic acid",260.2
2-sulfoterephthalic acid monosodium salt,268.18
monosodium 2-sulfoterephthalate,268.18
"benzophenone 4,4'-dicarboxylic acid",270.24
benzenehexathiol,270.5
"1,3,5-tri(1H-imidazol-1-yl)benzene",276.3
"2,5-Bis(allyloxy)terephthalic acid",278.26
"1,3,5-(triscarboxyphenyl)benzene",286.24
"Biphenyl-3,4',5-tricarboxylic acid",286.24
"1,5-naphthalenedisulfonate",286.3
"2-nitrobiphenyl-4,4'-dicarboxylic acid",287.22
"triethyl-1,3,5-benzenetricarboxylate",294.3
5-sulfoisophthalic acid sodium salt,312.14
"1,3,5-benzenetrisulfonic acid",318.3
"1,3-di(4-carboxyphenyl)benzene",318.3
"2,3,6,7,10,11-hexahydroxytriphenylene",324.3
"sodium 4-amino-1,5-naphthalenedisulfonate",325.3
potassium hexacyanoferrate(III),329.24
"9-phenylcarbazole-3,6-dicarboxylic acid",331.3
"2',5'-dimethyl-[1,1':4',1''-terphenyl]-4,4''-dicarboxylic acid",346.4
"3,5-di(4'-carboxylphenyl)benozoic acid",362.3
"[1,1':4',1''-terphenyl]-3,4'',5-tricarboxylic acid",362.3
"5-(3,5-dicarboxybenzamido)isophthalic acid",373.3
"1,2-bis(diphenylphosphino)ethane",398.4
"4,4'-(1,10-phenanthroline-3,8-diyl)dibenzoic acid",420.4
aurin tricarboxylic acid,422.3
"1,3,5-tri(4-carboxyphenyl)benzene",438.4
"1,3,5-tris(4-carboxyphenyl)benzene",438.4
"4'-(4-carboxyphenyl)-[2,2':6',2''-terpyridine]-5,5''-dicarboxylic acid",441.4
benzene tribenzoate,441.5
"tris(4-(4H-1,2,4-triazol-4-yl)phenyl)amine",446.5
5-(bis(4-carboxybenzyl)amino)isophthalic acid,449.4
"2'-amino-5'-(4-carboxyphenyl)-[1,1':3',1''-terphenyl]-4,4''-dicarboxylic acid",453.4
tetrakis(4-carboxyphenyl)ethylene,508.5
"2,3,6,7,10,11-hexaaminotriphenylene hexahydrochloride",537.1
"1,2,4,5-tetrakis(4-carboxyphenyl)benzene",558.5
"5,5',5''-(pyridine-2,4,6-triyl)triisophthalic acid",571.4
"1,1,2,2-tetrakis(4-(1H-pyrazol-4-yl)phenyl)ethene",596.7
"4,4',4'',4'''-(9H-carbazole-1,3,6,8-tetrayl)tetrabenzoic acid",647.6
"4'',6'-diamino-5',5''-bis(4-carboxyphenyl)-[1,1':3',1'':3'',1'''-quaterphenyl]-4,4'''-dicarboxylic acid",664.7
tris((4-carboxyl)phenylduryl)amine,774
"4,4,4,4-(Porphine-5,10,15,20-tetrayl)tetrakis(benzoic acid)",790.8
"5,10,15,20-tetrakis(4-carboxyphenyl)porphyrin",790.8
meso-tetra(3-carboxyphenyl)porphine,790.8
meso-tetra(4-carboxyphenyl)porphyrin,790.8
tetra(4-carboxyphenyl)porphine,790.8
tetrakis(4-carboxyphenyl)porphyrin,790.8
Tetrakis(4-carboxyphenyl)porphyrin,790.8
"4',4'',4''',4''''-methanetetrayltetrabiphenyl-4-carboxylic acid",800.8
"4,4',4'',4'''-([9,9'-bicarbazole]-3,3',6,6'-tetrayl)tetrabenzoic acid",812.8
CuTCPP,855.7
"6,6',6'',6'''-(7-(tert-butyl)pyrene-1,3,5,9-tetrayl)tetrakis(2-naphthoic acid)",939
"1,3,5-tris[(1,3-carboxylic acid-5-(4-(ethynyl)phenyl))ethynyl]benzene",942.9
hexakis(4-carboxyphenoxy)cyclotriphosphazene,957.6
gamma-cyclodextrin,1297.1
